TAXON,RdRP_super_group,Realm,Kingdom,Phylum,Subphylum,Class,Order,Suborder,Family,Subfamily,Genus,Species,Taxon_set
Astroviridae,Astro-Poty,Riboviria,Orthornavirae,Pisuviricota,,Stelpaviricetes,Stellavirales,,Astroviridae,,,,Riboviria|Orthornavirae|Pisuviricota||Stelpaviricetes|Stellavirales||Astroviridae|||
Astroviridae_Avastrovirus,Astro-Poty,Riboviria,Orthornavirae,Pisuviricota,,Stelpaviricetes,Stellavirales,,Astroviridae,,Avastrovirus,,Riboviria|Orthornavirae|Pisuviricota||Stelpaviricetes|Stellavirales||Astroviridae||Avastrovirus|
Astroviridae_Mamastrovirus,Astro-Poty,Riboviria,Orthornavirae,Pisuviricota,,Stelpaviricetes,Stellavirales,,Astroviridae,,Mamastrovirus,,Riboviria|Orthornavirae|Pisuviricota||Stelpaviricetes|Stellavirales||Astroviridae||Mamastrovirus|
Potyviridae,Astro-Poty,Riboviria,Orthornavirae,Pisuviricota,,Stelpaviricetes,Patatavirales,,Potyviridae,,,,Riboviria|Orthornavirae|Pisuviricota||Stelpaviricetes|Patatavirales||Potyviridae|||
Astro-Poty,Astro-Poty,Riboviria,Orthornavirae,Pisuviricota,,Stelpaviricetes,,,,,,,Riboviria|Orthornavirae|Pisuviricota||Stelpaviricetes||||||
Permutotetraviridae,Birna-Permutotetra,Riboviria,Orthornavirae,,,,,,Permutotetraviridae,,,,Riboviria|Orthornavirae||||||Permutotetraviridae|||
Birnaviridae,Birna-Permutotetra,Riboviria,Orthornavirae,,,,,,Birnaviridae,,,,Riboviria|Orthornavirae||||||Birnaviridae|||
Cystoviridae,Cysto,Riboviria,Orthornavirae,Duplornaviricota,,Vidaverviricetes,Mindivirales,,Cystoviridae,,Cystovirus,,Riboviria|Orthornavirae|Duplornaviricota||Vidaverviricetes|Mindivirales||Cystoviridae||Cystovirus|
Flaviviridae,Flavi,Riboviria,Orthornavirae,Kitrinoviricota,,Flasuviricetes,Amarillovirales,,Flaviviridae,,,,Riboviria|Orthornavirae|Kitrinoviricota||Flasuviricetes|Amarillovirales||Flaviviridae|||
Orthoflavivirus,Flavi,Riboviria,Orthornavirae,Kitrinoviricota,,Flasuviricetes,Amarillovirales,,Flaviviridae,,Orthoflavivirus,,Riboviria|Orthornavirae|Kitrinoviricota||Flasuviricetes|Amarillovirales||Flaviviridae||Orthoflavivirus|
Hepacivirus,Flavi,Riboviria,Orthornavirae,Kitrinoviricota,,Flasuviricetes,Amarillovirales,,Flaviviridae,,Hepacivirus,,Riboviria|Orthornavirae|Kitrinoviricota||Flasuviricetes|Amarillovirales||Flaviviridae||Hepacivirus|
Jingmenvirus,Flavi,Riboviria,Orthornavirae,Kitrinoviricota,,Flasuviricetes,Amarillovirales,,Flaviviridae,,Jingmenvirus,,Riboviria|Orthornavirae|Kitrinoviricota||Flasuviricetes|Amarillovirales||Flaviviridae||Jingmenvirus|
Pegivirus,Flavi,Riboviria,Orthornavirae,Kitrinoviricota,,Flasuviricetes,Amarillovirales,,Flaviviridae,,Pegivirus,,Riboviria|Orthornavirae|Kitrinoviricota||Flasuviricetes|Amarillovirales||Flaviviridae||Pegivirus|
Pestivirus,Flavi,Riboviria,Orthornavirae,Kitrinoviricota,,Flasuviricetes,Amarillovirales,,Flaviviridae,,Pestivirus,,Riboviria|Orthornavirae|Kitrinoviricota||Flasuviricetes|Amarillovirales||Flaviviridae||Pestivirus|
Alphaflexiviridae,Hepe-Virga,Riboviria,Orthornavirae,Kitrinoviricota,,Alsuviricetes,Tymovirales,,Alphaflexiviridae,,,,Riboviria|Orthornavirae|Kitrinoviricota||Alsuviricetes|Tymovirales||Alphaflexiviridae|||
Benyviridae,Hepe-Virga,Riboviria,Orthornavirae,Kitrinoviricota,,Alsuviricetes,Hepelivirales,,Benyviridae,,Benyvirus,,Riboviria|Orthornavirae|Kitrinoviricota||Alsuviricetes|Hepelivirales||Benyviridae||Benyvirus|
Betaflexiviridae,Hepe-Virga,Riboviria,Orthornavirae,Kitrinoviricota,,Alsuviricetes,Tymovirales,,Betaflexiviridae,,,,Riboviria|Orthornavirae|Kitrinoviricota||Alsuviricetes|Tymovirales||Betaflexiviridae|||
Bromoviridae,Hepe-Virga,Riboviria,Orthornavirae,Kitrinoviricota,,Alsuviricetes,Martellivirales,,Bromoviridae,,,,Riboviria|Orthornavirae|Kitrinoviricota||Alsuviricetes|Martellivirales||Bromoviridae|||
Idaeovirus,Hepe-Virga,Riboviria,Orthornavirae,Kitrinoviricota,,Alsuviricetes,Martellivirales,,Mayoviridae,,Idaeovirus,,Riboviria|Orthornavirae|Kitrinoviricota||Alsuviricetes|Martellivirales||Mayoviridae||Idaeovirus|
Closteroviridae,Hepe-Virga,Riboviria,Orthornavirae,Kitrinoviricota,,Alsuviricetes,Martellivirales,,Closteroviridae,,,,Riboviria|Orthornavirae|Kitrinoviricota||Alsuviricetes|Martellivirales||Closteroviridae|||
Deltaflexiviridae,Hepe-Virga,Riboviria,Orthornavirae,Kitrinoviricota,,Alsuviricetes,Tymovirales,,Deltaflexiviridae,,,,Riboviria|Orthornavirae|Kitrinoviricota||Alsuviricetes|Tymovirales||Deltaflexiviridae|||
Endornaviridae,Hepe-Virga,Riboviria,Orthornavirae,Kitrinoviricota,,Alsuviricetes,Martellivirales,,Endornaviridae,,,,Riboviria|Orthornavirae|Kitrinoviricota||Alsuviricetes|Martellivirales||Endornaviridae|||
Gammaflexiviridae,Hepe-Virga,Riboviria,Orthornavirae,Kitrinoviricota,,Alsuviricetes,Tymovirales,,Gammaflexiviridae,,,,Riboviria|Orthornavirae|Kitrinoviricota||Alsuviricetes|Tymovirales||Gammaflexiviridae|||
Hepe-Virga,Hepe-Virga,Riboviria,Orthornavirae,Kitrinoviricota,,Alsuviricetes,,,,,,,Riboviria|Orthornavirae|Kitrinoviricota||Alsuviricetes||||||
Hepeviridae,Hepe-Virga,Riboviria,Orthornavirae,Kitrinoviricota,,Alsuviricetes,Hepelivirales,,Hepeviridae,,,,Riboviria|Orthornavirae|Kitrinoviricota||Alsuviricetes|Hepelivirales||Hepeviridae|||
Togaviridae_Alphavirus,Hepe-Virga,Riboviria,Orthornavirae,Kitrinoviricota,,Alsuviricetes,Martellivirales,,Togaviridae,,Alphavirus,,Riboviria|Orthornavirae|Kitrinoviricota||Alsuviricetes|Martellivirales||Togaviridae||Alphavirus|
Togaviridae_Rubivirus,Hepe-Virga,Riboviria,Orthornavirae,Kitrinoviricota,,Alsuviricetes,Hepelivirales,,Matonaviridae,,Rubivirus,,Riboviria|Orthornavirae|Kitrinoviricota||Alsuviricetes|Hepelivirales||Matonaviridae||Rubivirus|
Tymoviridae,Hepe-Virga,Riboviria,Orthornavirae,Kitrinoviricota,,Alsuviricetes,Tymovirales,,Tymoviridae,,,,Riboviria|Orthornavirae|Kitrinoviricota||Alsuviricetes|Tymovirales||Tymoviridae|||
Virgaviridae,Hepe-Virga,Riboviria,Orthornavirae,Kitrinoviricota,,Alsuviricetes,Martellivirales,,Virgaviridae,,,,Riboviria|Orthornavirae|Kitrinoviricota||Alsuviricetes|Martellivirales||Virgaviridae|||
Hypoviridae,Hypo,Riboviria,Orthornavirae,Pisuviricota,,Duplopiviricetes,Durnavirales,,Hypoviridae,,,,Riboviria|Orthornavirae|Pisuviricota||Duplopiviricetes|Durnavirales||Hypoviridae|||
Solemoviridae_Sobemovirus,Luteo-Sobemo,Riboviria,Orthornavirae,Pisuviricota,,Pisoniviricetes,Sobelivirales,,Solemoviridae,,Sobemovirus,,Riboviria|Orthornavirae|Pisuviricota||Pisoniviricetes|Sobelivirales||Solemoviridae||Sobemovirus|
Solemoviridae_Polerovirus,Luteo-Sobemo,Riboviria,Orthornavirae,Pisuviricota,,Pisoniviricetes,Sobelivirales,,Solemoviridae,,Polerovirus,,Riboviria|Orthornavirae|Pisuviricota||Pisoniviricetes|Sobelivirales||Solemoviridae||Polerovirus|
Solemoviridae_Enamovirus,Luteo-Sobemo,Riboviria,Orthornavirae,Pisuviricota,,Pisoniviricetes,Sobelivirales,,Solemoviridae,,Enamovirus,,Riboviria|Orthornavirae|Pisuviricota||Pisoniviricetes|Sobelivirales||Solemoviridae||Enamovirus|
Alvernaviridae,Luteo-Sobemo,Riboviria,Orthornavirae,Pisuviricota,,Pisoniviricetes,Sobelivirales,,Alvernaviridae,,Dinornavirus,,Riboviria|Orthornavirae|Pisuviricota||Pisoniviricetes|Sobelivirales||Alvernaviridae||Dinornavirus|
Luteo-Sobemo,Luteo-Sobemo,Riboviria,Orthornavirae,,,,,,,,,,Riboviria|Orthornavirae|||||||||
Solemoviridae,Luteo-Sobemo,Riboviria,Orthornavirae,Pisuviricota,,Pisoniviricetes,Sobelivirales,,Solemoviridae,,,,Riboviria|Orthornavirae|Pisuviricota||Pisoniviricetes|Sobelivirales||Solemoviridae|||
Alvernaviridae,Luteo-Sobemo,Riboviria,Orthornavirae,Pisuviricota,,Pisoniviricetes,Sobelivirales,,Alvernaviridae,,,,Riboviria|Orthornavirae|Pisuviricota||Pisoniviricetes|Sobelivirales||Alvernaviridae|||
na-daxi-like,na-daxi,Riboviria,Orthornavirae,,,,,,,,,,Riboviria|Orthornavirae|||||||||
Leviviricetes,Narna-Levi,Riboviria,Orthornavirae,Lenarviricota,,Leviviricetes,,,,,,,Riboviria|Orthornavirae|Lenarviricota||Leviviricetes||||||
Mitoviridae,Narna-Levi,Riboviria,Orthornavirae,Lenarviricota,,Howeltoviricetes,Cryppavirales,,Mitoviridae,,,,Riboviria|Orthornavirae|Lenarviricota||Howeltoviricetes|Cryppavirales||Mitoviridae|||
Narna-Levi,Narna-Levi,Riboviria,Orthornavirae,Lenarviricota,,,,,,,,,Riboviria|Orthornavirae|Lenarviricota||||||||
Narnaviridae,Narna-Levi,Riboviria,Orthornavirae,Lenarviricota,,Amabiliviricetes,Wolframvirales,,Narnaviridae,,,,Riboviria|Orthornavirae|Lenarviricota||Amabiliviricetes|Wolframvirales||Narnaviridae|||
Ourmiavirus,Narna-Levi,Riboviria,Orthornavirae,Lenarviricota,,Miaviricetes,Ourlivirales,,Botourmiaviridae,,Ourmiavirus,,Riboviria|Orthornavirae|Lenarviricota||Miaviricetes|Ourlivirales||Botourmiaviridae||Ourmiavirus|
Arenaviridae,Negative_Bunya-Arena,Riboviria,Orthornavirae,Negarnaviricota,Polyploviricotina,Ellioviricetes,Bunyavirales,,Arenaviridae,,,,Riboviria|Orthornavirae|Negarnaviricota|Polyploviricotina|Ellioviricetes|Bunyavirales||Arenaviridae|||
Negative_Bunya-Arena,Negative_Bunya-Arena,Riboviria,Orthornavirae,Negarnaviricota,Polyploviricotina,Ellioviricetes,Bunyavirales,,,,,,Riboviria|Orthornavirae|Negarnaviricota|Polyploviricotina|Ellioviricetes|Bunyavirales|||||
Phenuiviridae,Negative_Bunya-Arena,Riboviria,Orthornavirae,Negarnaviricota,Polyploviricotina,Ellioviricetes,Bunyavirales,,Phenuiviridae,,,,Riboviria|Orthornavirae|Negarnaviricota|Polyploviricotina|Ellioviricetes|Bunyavirales||Phenuiviridae|||
Fimoviridae,Negative_Bunya-Arena,Riboviria,Orthornavirae,Negarnaviricota,Polyploviricotina,Ellioviricetes,Bunyavirales,,Fimoviridae,,,,Riboviria|Orthornavirae|Negarnaviricota|Polyploviricotina|Ellioviricetes|Bunyavirales||Fimoviridae|||
Hantaviridae,Negative_Bunya-Arena,Riboviria,Orthornavirae,Negarnaviricota,Polyploviricotina,Ellioviricetes,Bunyavirales,,Hantaviridae,,,,Riboviria|Orthornavirae|Negarnaviricota|Polyploviricotina|Ellioviricetes|Bunyavirales||Hantaviridae|||
Nairoviridae,Negative_Bunya-Arena,Riboviria,Orthornavirae,Negarnaviricota,Polyploviricotina,Ellioviricetes,Bunyavirales,,Nairoviridae,,,,Riboviria|Orthornavirae|Negarnaviricota|Polyploviricotina|Ellioviricetes|Bunyavirales||Nairoviridae|||
Nairoviridae_Orthonairovirus,Negative_Bunya-Arena,Riboviria,Orthornavirae,Negarnaviricota,Polyploviricotina,Ellioviricetes,Bunyavirales,,Nairoviridae,,Orthonairovirus,,Riboviria|Orthornavirae|Negarnaviricota|Polyploviricotina|Ellioviricetes|Bunyavirales||Nairoviridae||Orthonairovirus|
Peribunyaviridae,Negative_Bunya-Arena,Riboviria,Orthornavirae,Negarnaviricota,Polyploviricotina,Ellioviricetes,Bunyavirales,,Peribunyaviridae,,,,Riboviria|Orthornavirae|Negarnaviricota|Polyploviricotina|Ellioviricetes|Bunyavirales||Peribunyaviridae|||
Phasmaviridae,Negative_Bunya-Arena,Riboviria,Orthornavirae,Negarnaviricota,Polyploviricotina,Ellioviricetes,Bunyavirales,,Phasmaviridae,,,,Riboviria|Orthornavirae|Negarnaviricota|Polyploviricotina|Ellioviricetes|Bunyavirales||Phasmaviridae|||
Phenuiviridae_Phlebovirus,Negative_Bunya-Arena,Riboviria,Orthornavirae,Negarnaviricota,Polyploviricotina,Ellioviricetes,Bunyavirales,,Phenuiviridae,,Phlebovirus,,Riboviria|Orthornavirae|Negarnaviricota|Polyploviricotina|Ellioviricetes|Bunyavirales||Phenuiviridae||Phlebovirus|
Phenuiviridae_Bandavirus,Negative_Bunya-Arena,Riboviria,Orthornavirae,Negarnaviricota,Polyploviricotina,Ellioviricetes,Bunyavirales,,Phenuiviridae,,Bandavirus,,Riboviria|Orthornavirae|Negarnaviricota|Polyploviricotina|Ellioviricetes|Bunyavirales||Phenuiviridae||Bandavirus|
Tospoviridae,Negative_Bunya-Arena,Riboviria,Orthornavirae,Negarnaviricota,Polyploviricotina,Ellioviricetes,Bunyavirales,,Tospoviridae,,,,Riboviria|Orthornavirae|Negarnaviricota|Polyploviricotina|Ellioviricetes|Bunyavirales||Tospoviridae|||
Artoviridae,Negative_Mono-Chu,Riboviria,Orthornavirae,Negarnaviricota,Haploviricotina,Monjiviricetes,Mononegavirales,,Artoviridae,,,,Riboviria|Orthornavirae|Negarnaviricota|Haploviricotina|Monjiviricetes|Mononegavirales||Artoviridae|||
Bornaviridae,Negative_Mono-Chu,Riboviria,Orthornavirae,Negarnaviricota,Haploviricotina,Monjiviricetes,Mononegavirales,,Bornaviridae,,,,Riboviria|Orthornavirae|Negarnaviricota|Haploviricotina|Monjiviricetes|Mononegavirales||Bornaviridae|||
Chuviridae,Negative_Mono-Chu,Riboviria,Orthornavirae,Negarnaviricota,Haploviricotina,Monjiviricetes,Jingchuvirales,,Chuviridae,,,,Riboviria|Orthornavirae|Negarnaviricota|Haploviricotina|Monjiviricetes|Jingchuvirales||Chuviridae|||
Filoviridae,Negative_Mono-Chu,Riboviria,Orthornavirae,Negarnaviricota,Haploviricotina,Monjiviricetes,Mononegavirales,,Filoviridae,,,,Riboviria|Orthornavirae|Negarnaviricota|Haploviricotina|Monjiviricetes|Mononegavirales||Filoviridae|||
Lispiviridae,Negative_Mono-Chu,Riboviria,Orthornavirae,Negarnaviricota,Haploviricotina,Monjiviricetes,Mononegavirales,,Lispiviridae,,,,Riboviria|Orthornavirae|Negarnaviricota|Haploviricotina|Monjiviricetes|Mononegavirales||Lispiviridae|||
Mymonaviridae,Negative_Mono-Chu,Riboviria,Orthornavirae,Negarnaviricota,Haploviricotina,Monjiviricetes,Mononegavirales,,Mymonaviridae,,,,Riboviria|Orthornavirae|Negarnaviricota|Haploviricotina|Monjiviricetes|Mononegavirales||Mymonaviridae|||
Nyamiviridae,Negative_Mono-Chu,Riboviria,Orthornavirae,Negarnaviricota,Haploviricotina,Monjiviricetes,Mononegavirales,,Nyamiviridae,,,,Riboviria|Orthornavirae|Negarnaviricota|Haploviricotina|Monjiviricetes|Mononegavirales||Nyamiviridae|||
Paramyxoviridae,Negative_Mono-Chu,Riboviria,Orthornavirae,Negarnaviricota,Haploviricotina,Monjiviricetes,Mononegavirales,,Paramyxoviridae,,,,Riboviria|Orthornavirae|Negarnaviricota|Haploviricotina|Monjiviricetes|Mononegavirales||Paramyxoviridae|||
Pneumoviridae,Negative_Mono-Chu,Riboviria,Orthornavirae,Negarnaviricota,Haploviricotina,Monjiviricetes,Mononegavirales,,Pneumoviridae,,,,Riboviria|Orthornavirae|Negarnaviricota|Haploviricotina|Monjiviricetes|Mononegavirales||Pneumoviridae|||
Rhabdoviridae_Gammarhabdovirinae,Negative_Mono-Chu,Riboviria,Orthornavirae,Negarnaviricota,Haploviricotina,Monjiviricetes,Mononegavirales,,Rhabdoviridae,Gammarhabdovirinae,,,Riboviria|Orthornavirae|Negarnaviricota|Haploviricotina|Monjiviricetes|Mononegavirales||Rhabdoviridae|Gammarhabdovirinae||
Rhabdoviridae_Betarhabdovirinae,Negative_Mono-Chu,Riboviria,Orthornavirae,Negarnaviricota,Haploviricotina,Monjiviricetes,Mononegavirales,,Rhabdoviridae,Betarhabdovirinae,,,Riboviria|Orthornavirae|Negarnaviricota|Haploviricotina|Monjiviricetes|Mononegavirales||Rhabdoviridae|Betarhabdovirinae||
Rhabdoviridae_Alpharhabdovirinae,Negative_Mono-Chu,Riboviria,Orthornavirae,Negarnaviricota,Haploviricotina,Monjiviricetes,Mononegavirales,,Rhabdoviridae,Alpharhabdovirinae,,,Riboviria|Orthornavirae|Negarnaviricota|Haploviricotina|Monjiviricetes|Mononegavirales||Rhabdoviridae|Alpharhabdovirinae||
Rhabdoviridae,Negative_Mono-Chu,Riboviria,Orthornavirae,Negarnaviricota,Haploviricotina,Monjiviricetes,Mononegavirales,,Rhabdoviridae,,,,Riboviria|Orthornavirae|Negarnaviricota|Haploviricotina|Monjiviricetes|Mononegavirales||Rhabdoviridae|||
Xinmoviridae,Negative_Mono-Chu,Riboviria,Orthornavirae,Negarnaviricota,Haploviricotina,Monjiviricetes,Mononegavirales,,Xinmoviridae,,,,Riboviria|Orthornavirae|Negarnaviricota|Haploviricotina|Monjiviricetes|Mononegavirales||Xinmoviridae|||
Influenzavirus,Negative_Orthomyxo,Riboviria,Orthornavirae,Negarnaviricota,Polyploviricotina,Insthoviricetes,Articulavirales,,Orthomyxoviridae,,,,Riboviria|Orthornavirae|Negarnaviricota|Polyploviricotina|Insthoviricetes|Articulavirales||Orthomyxoviridae|||
Isavirus,Negative_Orthomyxo,Riboviria,Orthornavirae,Negarnaviricota,Polyploviricotina,Insthoviricetes,Articulavirales,,Orthomyxoviridae,,Isavirus,,Riboviria|Orthornavirae|Negarnaviricota|Polyploviricotina|Insthoviricetes|Articulavirales||Orthomyxoviridae||Isavirus|
Orthomyxoviridae,Negative_Orthomyxo,Riboviria,Orthornavirae,Negarnaviricota,Polyploviricotina,Insthoviricetes,Articulavirales,,Orthomyxoviridae,,,,Riboviria|Orthornavirae|Negarnaviricota|Polyploviricotina|Insthoviricetes|Articulavirales||Orthomyxoviridae|||
Quaranjavirus,Negative_Orthomyxo,Riboviria,Orthornavirae,Negarnaviricota,Polyploviricotina,Insthoviricetes,Articulavirales,,Orthomyxoviridae,,Quaranjavirus,,Riboviria|Orthornavirae|Negarnaviricota|Polyploviricotina|Insthoviricetes|Articulavirales||Orthomyxoviridae||Quaranjavirus|
Thogotovirus,Negative_Orthomyxo,Riboviria,Orthornavirae,Negarnaviricota,Polyploviricotina,Insthoviricetes,Articulavirales,,Orthomyxoviridae,,Thogotovirus,,Riboviria|Orthornavirae|Negarnaviricota|Polyploviricotina|Insthoviricetes|Articulavirales||Orthomyxoviridae||Thogotovirus|
Arteriviridae,Nido,Riboviria,Orthornavirae,Pisuviricota,,Pisoniviricetes,Nidovirales,Arnidovirineae,Arteriviridae,,,,Riboviria|Orthornavirae|Pisuviricota||Pisoniviricetes|Nidovirales|Arnidovirineae|Arteriviridae|||
Coronaviridae,Nido,Riboviria,Orthornavirae,Pisuviricota,,Pisoniviricetes,Nidovirales,Cornidovirineae,Coronaviridae,,,,Riboviria|Orthornavirae|Pisuviricota||Pisoniviricetes|Nidovirales|Cornidovirineae|Coronaviridae|||
Euroniviridae,Nido,Riboviria,Orthornavirae,Pisuviricota,,Pisoniviricetes,Nidovirales,Ronidovirineae,Euroniviridae,,,,Riboviria|Orthornavirae|Pisuviricota||Pisoniviricetes|Nidovirales|Ronidovirineae|Euroniviridae|||
Mesoniviridae,Nido,Riboviria,Orthornavirae,Pisuviricota,,Pisoniviricetes,Nidovirales,Mesnidovirineae,Mesoniviridae,,,,Riboviria|Orthornavirae|Pisuviricota||Pisoniviricetes|Nidovirales|Mesnidovirineae|Mesoniviridae|||
Nido,Nido,Riboviria,Orthornavirae,Pisuviricota,,Pisoniviricetes,Nidovirales,,,,,,Riboviria|Orthornavirae|Pisuviricota||Pisoniviricetes|Nidovirales|||||
Mononiviridae,Nido,Riboviria,Orthornavirae,Pisuviricota,,Pisoniviricetes,Nidovirales,Monidovirineae,Mononiviridae,,,,Riboviria|Orthornavirae|Pisuviricota||Pisoniviricetes|Nidovirales|Monidovirineae|Mononiviridae|||
Roniviridae,Nido,Riboviria,Orthornavirae,Pisuviricota,,Pisoniviricetes,Nidovirales,Ronidovirineae,Roniviridae,,,,Riboviria|Orthornavirae|Pisuviricota||Pisoniviricetes|Nidovirales|Ronidovirineae|Roniviridae|||
Tobaniviridae,Nido,Riboviria,Orthornavirae,Pisuviricota,,Pisoniviricetes,Nidovirales,Tornidovirineae,Tobaniviridae,,,,Riboviria|Orthornavirae|Pisuviricota||Pisoniviricetes|Nidovirales|Tornidovirineae|Tobaniviridae|||
other-negative,other-negative,Riboviria,Orthornavirae,Negarnaviricota,Haploviricotina,Chunqiuviricetes,Muvirales,,Qinviridae,,,,Riboviria|Orthornavirae|Negarnaviricota|Haploviricotina|Chunqiuviricetes|Muvirales||Qinviridae|||
Partiti-Picobirna,Partiti-Picobirna,Riboviria,Orthornavirae,Pisuviricota,,Duplopiviricetes,Durnavirales,,,,,,Riboviria|Orthornavirae|Pisuviricota||Duplopiviricetes|Durnavirales|||||
Partitiviridae,Partiti-Picobirna,Riboviria,Orthornavirae,Pisuviricota,,Duplopiviricetes,Durnavirales,,Partitiviridae,,,,Riboviria|Orthornavirae|Pisuviricota||Duplopiviricetes|Durnavirales||Partitiviridae|||
Partitiviridae_Deltapartitivirus,Partiti-Picobirna,Riboviria,Orthornavirae,Pisuviricota,,Duplopiviricetes,Durnavirales,,Partitiviridae,,Deltapartitivirus,,Riboviria|Orthornavirae|Pisuviricota||Duplopiviricetes|Durnavirales||Partitiviridae||Deltapartitivirus|
Partitiviridae_Gammapartitivirus,Partiti-Picobirna,Riboviria,Orthornavirae,Pisuviricota,,Duplopiviricetes,Durnavirales,,Partitiviridae,,Gammapartitivirus,,Riboviria|Orthornavirae|Pisuviricota||Duplopiviricetes|Durnavirales||Partitiviridae||Gammapartitivirus|
Picobirnaviridae,Partiti-Picobirna,Riboviria,Orthornavirae,Pisuviricota,,Duplopiviricetes,Durnavirales,,Picobirnaviridae,,,,Riboviria|Orthornavirae|Pisuviricota||Duplopiviricetes|Durnavirales||Picobirnaviridae|||
Caliciviridae,Picorna-Calici,Riboviria,Orthornavirae,Pisuviricota,,Pisoniviricetes,Picornavirales,,Caliciviridae,,,,Riboviria|Orthornavirae|Pisuviricota||Pisoniviricetes|Picornavirales||Caliciviridae|||
Dicistroviridae,Picorna-Calici,Riboviria,Orthornavirae,Pisuviricota,,Pisoniviricetes,Picornavirales,,Dicistroviridae,,,,Riboviria|Orthornavirae|Pisuviricota||Pisoniviricetes|Picornavirales||Dicistroviridae|||
Iflaviridae,Picorna-Calici,Riboviria,Orthornavirae,Pisuviricota,,Pisoniviricetes,Picornavirales,,Iflaviridae,,,,Riboviria|Orthornavirae|Pisuviricota||Pisoniviricetes|Picornavirales||Iflaviridae|||
Marnaviridae,Picorna-Calici,Riboviria,Orthornavirae,Pisuviricota,,Pisoniviricetes,Picornavirales,,Marnaviridae,,,,Riboviria|Orthornavirae|Pisuviricota||Pisoniviricetes|Picornavirales||Marnaviridae|||
Picorna-Calici,Picorna-Calici,Riboviria,Orthornavirae,Pisuviricota,,Pisoniviricetes,Picornavirales,,,,,,Riboviria|Orthornavirae|Pisuviricota||Pisoniviricetes|Picornavirales|||||
Picornaviridae,Picorna-Calici,Riboviria,Orthornavirae,Pisuviricota,,Pisoniviricetes,Picornavirales,,Picornaviridae,,,,Riboviria|Orthornavirae|Pisuviricota||Pisoniviricetes|Picornavirales||Picornaviridae|||
Polycipiviridae,Picorna-Calici,Riboviria,Orthornavirae,Pisuviricota,,Pisoniviricetes,Picornavirales,,Polycipiviridae,,,,Riboviria|Orthornavirae|Pisuviricota||Pisoniviricetes|Picornavirales||Polycipiviridae|||
Secoviridae,Picorna-Calici,Riboviria,Orthornavirae,Pisuviricota,,Pisoniviricetes,Picornavirales,,Secoviridae,,,,Riboviria|Orthornavirae|Pisuviricota||Pisoniviricetes|Picornavirales||Secoviridae|||
Qinvirus,Qinvirus,Riboviria,Orthornavirae,Negarnaviricota,Haploviricotina,Chunqiuviricetes,Muvirales,,Qinviridae,,,,Riboviria|Orthornavirae|Negarnaviricota|Haploviricotina|Chunqiuviricetes|Muvirales||Qinviridae|||
Aquareovirus,Reo,Riboviria,Orthornavirae,Duplornaviricota,,Resentoviricetes,Reovirales,,Spinareoviridae,,Aquareovirus,,Riboviria|Orthornavirae|Duplornaviricota||Resentoviricetes|Reovirales||Spinareoviridae||Aquareovirus|
Coltivirus,Reo,Riboviria,Orthornavirae,Duplornaviricota,,Resentoviricetes,Reovirales,,Spinareoviridae,,Coltivirus,,Riboviria|Orthornavirae|Duplornaviricota||Resentoviricetes|Reovirales||Spinareoviridae||Coltivirus|
Cypovirus,Reo,Riboviria,Orthornavirae,Duplornaviricota,,Resentoviricetes,Reovirales,,Spinareoviridae,,Cypovirus,,Riboviria|Orthornavirae|Duplornaviricota||Resentoviricetes|Reovirales||Spinareoviridae||Cypovirus|
Dinovernavirus,Reo,Riboviria,Orthornavirae,Duplornaviricota,,Resentoviricetes,Reovirales,,Spinareoviridae,,Dinovernavirus,,Riboviria|Orthornavirae|Duplornaviricota||Resentoviricetes|Reovirales||Spinareoviridae||Dinovernavirus|
Fijivirus,Reo,Riboviria,Orthornavirae,Duplornaviricota,,Resentoviricetes,Reovirales,,Spinareoviridae,,Fijivirus,,Riboviria|Orthornavirae|Duplornaviricota||Resentoviricetes|Reovirales||Spinareoviridae||Fijivirus|
Mimoreovirus,Reo,Riboviria,Orthornavirae,Duplornaviricota,,Resentoviricetes,Reovirales,,Sedoreoviridae,,Mimoreovirus,,Riboviria|Orthornavirae|Duplornaviricota||Resentoviricetes|Reovirales||Sedoreoviridae||Mimoreovirus|
Mycoreovirus,Reo,Riboviria,Orthornavirae,Duplornaviricota,,Resentoviricetes,Reovirales,,Spinareoviridae,,Mycoreovirus,,Riboviria|Orthornavirae|Duplornaviricota||Resentoviricetes|Reovirales||Spinareoviridae||Mycoreovirus|
Orbivirus,Reo,Riboviria,Orthornavirae,Duplornaviricota,,Resentoviricetes,Reovirales,,Sedoreoviridae,,Orbivirus,,Riboviria|Orthornavirae|Duplornaviricota||Resentoviricetes|Reovirales||Sedoreoviridae||Orbivirus|
Orthoreovirus,Reo,Riboviria,Orthornavirae,Duplornaviricota,,Resentoviricetes,Reovirales,,Spinareoviridae,,Orthoreovirus,,Riboviria|Orthornavirae|Duplornaviricota||Resentoviricetes|Reovirales||Spinareoviridae||Orthoreovirus|
Oryzavirus,Reo,Riboviria,Orthornavirae,Duplornaviricota,,Resentoviricetes,Reovirales,,Spinareoviridae,,Oryzavirus,,Riboviria|Orthornavirae|Duplornaviricota||Resentoviricetes|Reovirales||Spinareoviridae||Oryzavirus|
Phytoreovirus,Reo,Riboviria,Orthornavirae,Duplornaviricota,,Resentoviricetes,Reovirales,,Sedoreoviridae,,Phytoreovirus,,Riboviria|Orthornavirae|Duplornaviricota||Resentoviricetes|Reovirales||Sedoreoviridae||Phytoreovirus|
Reoviridae,Reo,Riboviria,Orthornavirae,Duplornaviricota,,Resentoviricetes,Reovirales,,,,,,Riboviria|Orthornavirae|Duplornaviricota||Resentoviricetes|Reovirales|||||
Rotavirus,Reo,Riboviria,Orthornavirae,Duplornaviricota,,Resentoviricetes,Reovirales,,Sedoreoviridae,,Rotavirus,,Riboviria|Orthornavirae|Duplornaviricota||Resentoviricetes|Reovirales||Sedoreoviridae||Rotavirus|
Seadornavirus,Reo,Riboviria,Orthornavirae,Duplornaviricota,,Resentoviricetes,Reovirales,,Sedoreoviridae,,Seadornavirus,,Riboviria|Orthornavirae|Duplornaviricota||Resentoviricetes|Reovirales||Sedoreoviridae||Seadornavirus|
Nodaviridae,Tombus-Noda,Riboviria,Orthornavirae,Kitrinoviricota,,Magsaviricetes,Nodamuvirales,,Nodaviridae,,,,Riboviria|Orthornavirae|Kitrinoviricota||Magsaviricetes|Nodamuvirales||Nodaviridae|||
Nodaviridae,Tombus-Noda,Riboviria,Orthornavirae,Kitrinoviricota,,Magsaviricetes,Nodamuvirales,,Nodaviridae,,Alphanodavirus,,Riboviria|Orthornavirae|Kitrinoviricota||Magsaviricetes|Nodamuvirales||Nodaviridae||Alphanodavirus|
Nodaviridae,Tombus-Noda,Riboviria,Orthornavirae,Kitrinoviricota,,Magsaviricetes,Nodamuvirales,,Nodaviridae,,Betanodavirus,,Riboviria|Orthornavirae|Kitrinoviricota||Magsaviricetes|Nodamuvirales||Nodaviridae||Betanodavirus|
Sinhaliviridae,Tombus-Noda,Riboviria,Orthornavirae,Kitrinoviricota,,Magsaviricetes,Nodamuvirales,,Sinhaliviridae,,,,Riboviria|Orthornavirae|Kitrinoviricota||Magsaviricetes|Nodamuvirales||Sinhaliviridae|||
Tombusviridae,Tombus-Noda,Riboviria,Orthornavirae,Kitrinoviricota,,Tolucaviricetes,Tolivirales,,Tombusviridae,,,,Riboviria|Orthornavirae|Kitrinoviricota||Tolucaviricetes|Tolivirales||Tombusviridae|||
Tombusviridae_Calvusvirinae,Tombus-Noda,Riboviria,Orthornavirae,Kitrinoviricota,,Tolucaviricetes,Tolivirales,,Tombusviridae,Calvusvirinae,,,Riboviria|Orthornavirae|Kitrinoviricota||Tolucaviricetes|Tolivirales||Tombusviridae|Calvusvirinae||
Tombusviridae_Procedovirinae,Tombus-Noda,Riboviria,Orthornavirae,Kitrinoviricota,,Tolucaviricetes,Tolivirales,,Tombusviridae,Procedovirinae,,,Riboviria|Orthornavirae|Kitrinoviricota||Tolucaviricetes|Tolivirales||Tombusviridae|Procedovirinae||
Tombusviridae_Procedovirinae,Tombus-Noda,Riboviria,Orthornavirae,Kitrinoviricota,,Tolucaviricetes,Tolivirales,,Tombusviridae,Procedovirinae,,,Riboviria|Orthornavirae|Kitrinoviricota|                                                                                                                                                                                                                                                                                                                                                                                                                                                                                                                                                                                                                                                                                                                                                                                                                                                                                                                                                                                                                                                                                                                                                                                                                                                                                                                                                                                                                                                                                                                                                                                                                                                                                                                                                                                                                                                                                                                                                                                                                                                                                                                                                                                                                                                                                                                                                                                                                                                                                                                                                                                                                                                                                                                                                                                                                                                                                                                                                                                                                                                                                                                                                                                                                                                                                                                                                                                                                                                                                                                                                                          |Tolucaviricetes|Tolivirales||Tombusviridae|Procedovirinae||
Tombusviridae_Regressovirinae,Tombus-Noda,Riboviria,Orthornavirae,Kitrinoviricota,,Tolucaviricetes,Tolivirales,,Tombusviridae,Regressovirinae,,,Riboviria|Orthornavirae|Kitrinoviricota||Tolucaviricetes|Tolivirales||Tombusviridae|Regressovirinae||
Chrysoviridae,Toti-Chryso,Riboviria,Orthornavirae,Duplornaviricota,,Chrymotiviricetes,Ghabrivirales,,Chrysoviridae,,,,Riboviria|Orthornavirae|Duplornaviricota||Chrymotiviricetes|Ghabrivirales||Chrysoviridae|||
Quadriviridae,Toti-Chryso,Riboviria,Orthornavirae,Duplornaviricota,,Chrymotiviricetes,Ghabrivirales,,Quadriviridae,,,,Riboviria|Orthornavirae|Duplornaviricota||Chrymotiviricetes|Ghabrivirales||Quadriviridae|||
Totiviridae,Toti-Chryso,Riboviria,Orthornavirae,Duplornaviricota,,Chrymotiviricetes,Ghabrivirales,,Totiviridae,,,,Riboviria|Orthornavirae|Duplornaviricota||Chrymotiviricetes|Ghabrivirales||Totiviridae|||
Totiviridae_Leishmaniavirus,Toti-Chryso,Riboviria,Orthornavirae,Duplornaviricota,,Chrymotiviricetes,Ghabrivirales,,Totiviridae,,Leishmaniavirus,,Riboviria|Orthornavirae|Duplornaviricota||Chrymotiviricetes|Ghabrivirales||Totiviridae||Leishmaniavirus|
Totiviridae_Totivirus,Toti-Chryso,Riboviria,Orthornavirae,Duplornaviricota,,Chrymotiviricetes,Ghabrivirales,,Totiviridae,,Totivirus,,Riboviria|Orthornavirae|Duplornaviricota||Chrymotiviricetes|Ghabrivirales||Totiviridae||Totivirus|
Totiviridae_Trichomonasvirus,Toti-Chryso,Riboviria,Orthornavirae,Duplornaviricota,,Chrymotiviricetes,Ghabrivirales,,Totiviridae,,Trichomonasvirus,,Riboviria|Orthornavirae|Duplornaviricota||Chrymotiviricetes|Ghabrivirales||Totiviridae||Trichomonasvirus|
Totiviridae_Victorivirus,Toti-Chryso,Riboviria,Orthornavirae,Duplornaviricota,,Chrymotiviricetes,Ghabrivirales,,Totiviridae,,Victorivirus,,Riboviria|Orthornavirae|Duplornaviricota||Chrymotiviricetes|Ghabrivirales||Totiviridae||Victorivirus|
Weivirus,Weivirus,Riboviria,Orthornavirae,,,,,,,,,,Riboviria|Orthornavirae|||||||||
Yanvirus,Yanvirus,Riboviria,Orthornavirae,,,,,,,,,,Riboviria|Orthornavirae|||||||||
Yuevirus,Yuevirus,Riboviria,Orthornavirae,Negarnaviricota,Haploviricotina,Yunchangviricetes,Goujianvirales,,Yueviridae,,Yuyuevirus,,Riboviria|Orthornavirae|Negarnaviricota|Haploviricotina|Yunchangviricetes|Goujianvirales||Yueviridae||Yuyuevirus|
Zhaovirus,Zhaovirus,Riboviria,Orthornavirae,,,,,,,,,,Riboviria|Orthornavirae|||||||||
