Super-Group,Family,Taxon,ID,Human,Vertebrates,Plant
Astro-Poty,Astroviridae,Astroviridae,Amphibia_BHNG3698_Fujian_spotted_paddle-tail_newt_astrovirus_7490bp,0,1,0
Astro-Poty,Astroviridae,Astroviridae,Amphibia_DFRYG3979V1_Zhejiang_chinese_fire_belly_newt_astrovirus_1_7416bp,0,1,0
Astro-Poty,Astroviridae,Astroviridae,Amphibia_DFRYG3998_Zhejiang_chinese_fire_belly_newt_astrovirus_2_5038bp,0,1,0
Astro-Poty,Astroviridae,Astroviridae,Amphibia_GDSWC169064_Beihai_tree_frog_astrovirus_5247bp,0,1,0
Astro-Poty,Astroviridae,Astroviridae,Amphibia_GDSWC170753_Beihai_tree_frog_astrovirus_6979bp,0,1,0
Astro-Poty,Astroviridae,Astroviridae,Amphibia_HJWCGF4813_Hainan_marbled_pigmy_frog_astrovirus_1_6988bp,0,1,0
Astro-Poty,Astroviridae,Astroviridae,Amphibia_HKCCC7872_Hainan_black-spectacled_toad_astrovirus_2_7476bp,0,1,0
Astro-Poty,Astroviridae,Astroviridae,Amphibia_LPWC187377_Hainan_astro-like_virus_2_5204bp,0,1,0
Astro-Poty,Astroviridae,Astroviridae,Amphibia_WHHM73969_Wuhan_asiatic_toad_astrovirus_7012bp,0,1,0
Astro-Poty,Astroviridae,Astroviridae,APA19801.1_Avian_astrovirus_1471,0,1,0
Astro-Poty,Astroviridae,Astroviridae,Cartilaginous_DTHH2075_Dongtou_red_stingray_astrovirus_7168bp,0,1,0
Astro-Poty,Astroviridae,Astroviridae,Cartilaginous_NHYJC32427_Nanhai_ghost_shark_astrovirus_1_3337bp,0,1,0
Astro-Poty,Astroviridae,Astroviridae,Cartilaginous_NHYJC33085_Nanhai_ghost_shark_astrovirus_2_3478bp,0,1,0
Astro-Poty,Astroviridae,Astroviridae,Cartilaginous_RBCSC17455_Wenling_japanese_topeshark_astrovirus_7099bp,0,1,0
Astro-Poty,Astroviridae,Astroviridae,Cartilaginous_RGYQSMGReov43317_Wenzhou_pacific_spadenose_shark_astrovirus_2_7089bp,0,1,0
Astro-Poty,Astroviridae,Astroviridae,CJLX30757_Changjiang_astro-like_virus,0,1,0
Astro-Poty,Astroviridae,Astroviridae,Jawless_QSMC2427_Dongbei_arctic_lamprey_astrovirus_3_6555bp,0,1,0
Astro-Poty,Astroviridae,Astroviridae,Jawless_QSMS17426_Dongbei_arctic_lamprey_astrovirus_4_7513bp,0,1,0
Astro-Poty,Astroviridae,Astroviridae,Jawless_QSMS18873_Dongbei_arctic_lamprey_astrovirus_2_7642bp,0,1,0
Astro-Poty,Astroviridae,Astroviridae,Lungfish_FZFYG149406_Western_African_lungfish_astro-like_virus_13169bp,0,1,0
Astro-Poty,Astroviridae,Astroviridae,QBZ38214.1_European_roller_astrovirus_Coracias_garrulus_401,0,1,0
Astro-Poty,Astroviridae,Astroviridae,QCO31422.1_Passerine_astrovirus_1,0,1,0
Astro-Poty,Astroviridae,Astroviridae,Rayfin_BHFishC188159_Beihai_mudskipper_astro-like_virus_10377bp,0,1,0
Astro-Poty,Astroviridae,Astroviridae,Rayfin_DSYS1394_Wuhan_japanese_halfbeak_astrovirus_3611bp,0,1,0
Astro-Poty,Astroviridae,Astroviridae,Rayfin_DSYS3171_Wuhan_astro-like_virus_9129bp,0,1,0
Astro-Poty,Astroviridae,Astroviridae,Rayfin_GDDSYS282_Guangdong_catfish_astro-like_virus_9512bp,0,1,0
Astro-Poty,Astroviridae,Astroviridae,Rayfin_LXMC182963_Beihai_cephalopholis_spiloparaea_astrovirus_6092bp,0,1,0
Astro-Poty,Astroviridae,Astroviridae,Rayfin_XDXMC10209_Wenling_plagiopsetta_astrovirus_6656bp,0,1,0
Astro-Poty,Astroviridae,Astroviridae,Rayfin_XDXMC21452_Wenling_crossorhombus_astrovirus_2_6973bp,0,1,0
Astro-Poty,Astroviridae,Astroviridae,Rayfin_XLXMC35036_Wenling_yellow-striped_sandperch_astrovirus_7417bp,0,1,0
Astro-Poty,Astroviridae,Astroviridae,Rayfin_XLXMS83193_Wenling_gobies_fish_astro-like_virus_11033bp,0,1,0
Astro-Poty,Astroviridae,Astroviridae,Rayfin_XQTMC49337_Wenling_longspine_snipefish_astrovirus_7199bp,0,1,0
Astro-Poty,Astroviridae,Astroviridae,Rayfin_XQTMC51418_Wenling_bighead_beaked_sandfish_astrovirus_6336bp,0,1,0
Astro-Poty,Astroviridae,Astroviridae,Rayfin_XYHYC190343_Wenling_rattails_astrovirus_5_6822bp,0,1,0
Astro-Poty,Astroviridae,Astroviridae,Rayfin_XYHYC191403_Wenling_rattails_astrovirus_1_7538bp,0,1,0
Astro-Poty,Astroviridae,Astroviridae,Rayfin_XYHYC192174_Wenling_rattails_astrovirus_4_7198bp,0,1,0
Astro-Poty,Astroviridae,Astroviridae,Rayfin_XYXMC57263_Yancheng_grey_stingfish_astrovirus_6774bp,0,1,0
Astro-Poty,Astroviridae,Astroviridae,Rayfin_YXMC112999_Wenling_pterygotrigla_hemisticta_astrovirus_6230bp,0,1,0
Astro-Poty,Astroviridae,Astroviridae,Rayfin_YXMC64648_Wenling_lepidotrigla_astrovirus_7426bp,0,1,0
Astro-Poty,Astroviridae,Astroviridae,Reptile_GXSXC128985_Guangxi_changeable_lizard_astrovirus_7832bp,0,1,0
Astro-Poty,Astroviridae,Astroviridae,Reptile_LPSF9635_Guangdong_chinese_water_snake_astrovirus_6919bp,0,1,0
Astro-Poty,Astroviridae,Astroviridae,Reptile_LPWC210211_Yili_teratoscincus_roborowskii_astrovirus_7632bp,0,1,0
Astro-Poty,Astroviridae,Astroviridae,Reptile_LPXYC174317_Hainan_oriental_leaf-toed_gecko_astrovirus_1_7126bp,0,1,0
Astro-Poty,Astroviridae,Astroviridae,Reptile_LPXYC178500_Hainan_oriental_leaf-toed_gecko_astrovirus_2_4327bp,0,1,0
Astro-Poty,Astroviridae,Astroviridae,Reptile_LPXYF118785_Hainan_astro-like_virus_1_13532bp,0,1,0
Astro-Poty,Astroviridae,Astroviridae,Reptile_WHWGC149849_Chinese_broad-headed_pond_turtle_astro-like_virus_9296bp,0,1,0
Astro-Poty,Astroviridae,Astroviridae,Reptile_ZGLXR62176_Guangdong_chinese_water_skink_astrovirus_6683bp,0,1,0
Astro-Poty,Astroviridae,Astroviridae_Avastrovirus,NC_002470_Turkey_astrovirus,0,1,0
Astro-Poty,Astroviridae,Astroviridae_Avastrovirus,NC_003790_Chicken_astrovirus,0,1,0
Astro-Poty,Astroviridae,Astroviridae_Avastrovirus,NC_005790_Turkey_astrovirus_2,0,1,0
Astro-Poty,Astroviridae,Astroviridae_Avastrovirus,NC_012437_Duck_astrovirus,0,1,0
Astro-Poty,Astroviridae,Astroviridae_Mamastrovirus,NC_001943_Human_astrovirus,1,1,0
Astro-Poty,Astroviridae,Astroviridae_Mamastrovirus,NC_002469_Ovine_astrovirus,0,1,0
Astro-Poty,Astroviridae,Astroviridae_Mamastrovirus,NC_004579_Mink_astrovirus,0,1,0
Astro-Poty,Astroviridae,Astroviridae_Mamastrovirus,NC_011400_Astrovirus_MLB1,1,1,0
Astro-Poty,Astroviridae,Astroviridae_Mamastrovirus,NC_013060_Astrovirus_VA1,1,1,0
Astro-Poty,Astroviridae,Astroviridae_Mamastrovirus,NC_015935_Mouse_astrovirus,0,1,0
Astro-Poty,Astroviridae,Astroviridae_Mamastrovirus,NC_016155_Astrovirus_MLB2,1,1,0
Astro-Poty,Astroviridae,Astroviridae_Mamastrovirus,NC_016896_Astrovirus_wild_boar,0,1,0
Astro-Poty,Astroviridae,Astroviridae_Mamastrovirus,NC_018669_Astrovirus_VA2,0,1,0
Astro-Poty,Astroviridae,Astroviridae_Mamastrovirus,NC_018702_Murine_astrovirus,0,1,0
Astro-Poty,Astroviridae,Astroviridae_Mamastrovirus,NC_019026_Astrovirus_VA3,1,1,0
Astro-Poty,Astroviridae,Astroviridae_Mamastrovirus,NC_019027_Astrovirus_VA4,1,1,0
Astro-Poty,Astroviridae,Astroviridae_Mamastrovirus,NC_019028_Astrovirus_MLB3,1,1,0
Astro-Poty,Astroviridae,Astroviridae_Mamastrovirus,NC_019494_Porcine_astrovirus_3,0,1,0
Astro-Poty,Astroviridae,Astroviridae_Mamastrovirus,NC_022249_Feline_astrovirus_2,0,1,0
Astro-Poty,Astroviridae,Astroviridae_Mamastrovirus,NC_023632_Bovine_astrovirus_B170,0,1,0
Astro-Poty,Astroviridae,Astroviridae_Mamastrovirus,NC_023636_Porcine_astrovirus_5,0,1,0
Astro-Poty,Astroviridae,Astroviridae_Mamastrovirus,NC_023674_Porcine_astrovirus_2,0,1,0
Astro-Poty,Astroviridae,Astroviridae_Mamastrovirus,NC_023675_Porcine_astrovirus_4,0,1,0
Astro-Poty,Astroviridae,Astroviridae_Mamastrovirus,NC_024297_Bovine_astrovirus,0,1,0
Astro-Poty,Astroviridae,Astroviridae_Mamastrovirus,NC_024472_Human_astrovirus_BF34,1,1,0
Astro-Poty,Astroviridae,Astroviridae_Mamastrovirus,NC_024498_Bovine_astrovirus,0,1,0
Astro-Poty,Astroviridae,Astroviridae_Mamastrovirus,NC_024701_Feline_astrovirus_D1,0,1,0
Astro-Poty,Astroviridae,Astroviridae_Mamastrovirus,NC_025346_Rabbit_astrovirus,0,1,0
Astro-Poty,Astroviridae,Astroviridae_Mamastrovirus,NC_025379_Mamastrovirus_3,0,1,0
Astro-Poty,Astroviridae,Astroviridae_Mamastrovirus,QBJ04608.1_Tasmanian_devil-associated_astrovirus_1_Sarcophilus_harrisii_491,0,1,0
Astro-Poty,Astroviridae,Astroviridae_Mamastrovirus,QII88294.1_White-tailed_deer_astrovirus_Odocoileus_virginianus_1305,0,1,0
Astro-Poty,Astroviridae,Astroviridae_Mamastrovirus,QPI69528.2_Feline_astrovirus_3_Felis_catus_519,0,1,0
Astro-Poty,Astroviridae,Astroviridae_Mamastrovirus,QTP76096.1_Water_buffalo_astrovirus_Bubalus_bubalis_1307,0,1,0
Astro-Poty,Astroviridae,Astroviridae_Mamastrovirus,UMO75842.1_Sichuan_mamastrovirus_12_1327,0,1,0
Astro-Poty,Astroviridae,Astroviridae_Mamastrovirus,UWK09061.1_Gerbil_astrovirus_Meriones_unguiculatus_502,0,1,0
Astro-Poty,Astroviridae,Astroviridae_Mamastrovirus,YP_009345898.1_Qinghai_Himalayan_marmot_astrovirus_1_512,0,1,0
Astro-Poty,Astroviridae,Astroviridae_Mamastrovirus,YP_009345903.1_Qinghai_Himalayan_marmot_astrovirus_2_510,0,1,0
Astro-Poty,Astroviridae,Astroviridae_Mamastrovirus,YP_009664783.1_Bat_astrovirus_Tm_Guangxi_LD77_2007_470,0,1,0
Astro-Poty,Astroviridae,Astroviridae_Mamastrovirus,YP_009664787.1_Mamastrovirus_18_816,0,1,0
Astro-Poty,Potyviridae,Potyviridae,YP_010087797.1_Noni_mosaic_virus_3077,0,0,1
Astro-Poty,Potyviridae,Potyviridae,YP_010087632.1_Costus_stripe_mosaic_virus_3046,0,0,1
Astro-Poty,Potyviridae,Potyviridae,YP_010087230.1_Dendrobium_chlorotic_mosaic_virus_3189,0,0,1
Astro-Poty,Potyviridae,Potyviridae,Poty_NP_954611_Beet_mosaic_virus,0,0,1
Astro-Poty,Potyviridae,Potyviridae,Poty_NP_871002_Onion_yellow_dwarf_virus,0,0,1
Astro-Poty,Potyviridae,Potyviridae,Poty_NP_056867_Tobacco_vein_mottling_virus,0,0,1
Astro-Poty,Potyviridae,Potyviridae,YP_010086861.1_Passiflora_edulis_symptomless_virus_3173,0,0,1
Astro-Poty,Potyviridae,Potyviridae,YP_010086847.1_Alpinia_oxyphylla_mosaic_virus_2626,0,0,1
Astro-Poty,Potyviridae,Potyviridae,UTQ50668.1_Mentha_macluravirus_1_Mentha_x_piperita_2630,0,0,1
Astro-Poty,Potyviridae,Potyviridae,Poty_YP_006590058_Chinese_yam_necrotic_mosaic_virus,0,0,1
Astro-Poty,Potyviridae,Potyviridae,QVN46485.1_Polygonatum_kingianum_virus_5_Polygonatum_kingianum_3093,0,0,1
Astro-Poty,Potyviridae,Potyviridae,QMP81800.1_Grapevine-associated_poty-like_virus_1_Vitis_vinifera_3568,0,0,1
Astro-Poty,Potyviridae,Potyviridae,QLC36605.1_Stylosanthes_mosaic-associated_virus_1_Stylosanthes_guianensis_2960,0,0,1
Astro-Poty,Potyviridae,Potyviridae,Poty_YP_001788991_Squash_vein_yellowing_virus,0,0,1
Astro-Poty,Potyviridae,Potyviridae,Poty_NP_659025_Oat_mosaic_virus,0,0,1
Astro-Poty,Potyviridae,Potyviridae,Poty_NP_612585_Brome_streak_mosaic_virus,0,0,1
Birna-Permutotetra,Birnaviridae,Birnaviridae,birna-like_YP_010086266.1_Lates_calcarifer_birnavirus_856,0,1,0
Birna-Permutotetra,Birnaviridae,Birnaviridae,birna-like_YP_052864.1_Blotched_snakehead_virus,0,1,0
Birna-Permutotetra,Birnaviridae,Birnaviridae,birna-like_NP_047197.1_Infectious_pancreatic_necrosis_virus,0,1,0
Birna-Permutotetra,Birnaviridae,Birnaviridae,birna-like_NP_690835.1_Yellowtail_ascites_virus,0,1,0
Birna-Permutotetra,Birnaviridae,Birnaviridae,birna-like_YP_605814.1_Marine_birnavirus,0,1,0
Birna-Permutotetra,Birnaviridae,Birnaviridae,birna-like_YP_001514405.1_Paralichthys_olivaceus_birnavirus,0,1,0
Birna-Permutotetra,Birnaviridae,Birnaviridae,birna-like_YP_009255399.1_Victorian_trout_aquabirnavirus,0,1,0
Birna-Permutotetra,Birnaviridae,Birnaviridae,birna-like_YP_009177609.1_Tasmanian_aquabirnavirus,0,1,0
Birna-Permutotetra,Birnaviridae,Birnaviridae,birna-like_add_Rayfin_LXMC183442_Wenling_jack_mackerels_birnavirus,0,1,0
Birna-Permutotetra,Birnaviridae,Birnaviridae,birna-like_add_Cartilaginous_RBCSG7740_Wenling_japanese_topeshark_birnavirus,0,1,0
Birna-Permutotetra,Birnaviridae,Birnaviridae,birna-like_NP_690839.1_Infectious_bursal_disease_virus,0,1,0
Birna-Permutotetra,Birnaviridae,Birnaviridae,birna-like_add_NP_690839_Infectious_bursal_disease_virus,0,1,0
Birna-Permutotetra,Birnaviridae,Birnaviridae,birna-like_QBS55242.1_Tetranychus_urticae-associated_entomobirnavirus,0,1,0
Birna-Permutotetra,Birnaviridae,Birnaviridae,birna-like_CAX33878.1_Rotifer_birnavirus_strain_Palavas,0,1,0
Birna-Permutotetra,Birnaviridae,Birnaviridae,birna-like_APG76080.1_Hubei_birna-like_virus,0,1,0
Birna-Permutotetra,Birnaviridae,Birnaviridae,birna-like_YP_009508102.1_Tellina_virus_1,0,1,0
Birna-Permutotetra,Birnaviridae,Birnaviridae,birna-like_NP_690806.1_Drosophila_X_virus,0,1,0
Birna-Permutotetra,Birnaviridae,Birnaviridae,birna-like_YP_004956721.1_Espirito_Santo_virus,0,1,0
Birna-Permutotetra,Birnaviridae,Birnaviridae,birna-like_APG76079.1_Jingmen_birna-like_virus,0,1,0
Birna-Permutotetra,Birnaviridae,Birnaviridae,birna-like_ACU32792.1_Drosophila_melanogaster_birnavirus_SW-2009a,0,1,0
Flavi,Flaviviridae,Orthoflavivirus,NC_001437_JEVgp1,1,1,0
Flavi,Flaviviridae,Orthoflavivirus,NC_001477_DV1_gp1,1,1,0
Flavi,Flaviviridae,Orthoflavivirus,NC_001563_WNVgp1,1,1,0
Flavi,Flaviviridae,Orthoflavivirus,NC_001672_TBEVgp1,1,1,0
Flavi,Flaviviridae,Orthoflavivirus,NC_002031_YFVgp1,1,1,0
Flavi,Flaviviridae,Orthoflavivirus,NC_003676_APOIVgp1,0,1,0
Flavi,Flaviviridae,Orthoflavivirus,NC_003996_TABVgp1,0,1,0
Flavi,Flaviviridae,Orthoflavivirus,NP_044677.1_Louping_ill_virus,1,1,0
Flavi,Flaviviridae,Orthoflavivirus,NP_620044_Rio_Bravo_virus,1,1,0
Flavi,Flaviviridae,Orthoflavivirus,NP_620108.1_Langat_virus,1,1,0
Flavi,Flaviviridae,Orthoflavivirus,NP_722539.1_Murray_Valley_encephalitis_virus,1,1,0
Flavi,Flaviviridae,Orthoflavivirus,NP_775511.1_Tick-borne_encephalitis_virus,1,1,0
Flavi,Flaviviridae,Orthoflavivirus,NP_775524.1_Powassan_virus,1,1,0
Flavi,Flaviviridae,Orthoflavivirus,NP_932093.1_Omsk_hemorrhagic_fever_virus,1,1,0
Flavi,Flaviviridae,Orthoflavivirus,YP_001008348_St_Louis_encephalitis_virus,1,1,0
Flavi,Flaviviridae,Orthoflavivirus,YP_001040004.1_Aroa_virus,1,1,0
Flavi,Flaviviridae,Orthoflavivirus,YP_001040006.1_Ilheus_virus,1,1,0
Flavi,Flaviviridae,Orthoflavivirus,YP_002790883.1_Bagaza_virus,1,1,0
Flavi,Flaviviridae,Orthoflavivirus,YP_002922020.1_Wesselsbron_virus,1,1,0
Flavi,Flaviviridae,Orthoflavivirus,YP_004734464.1_Tembusu_virus,1,1,0
Flavi,Flaviviridae,Orthoflavivirus,YP_006846328.2_Ntaya_virus,1,1,0
Flavi,Flaviviridae,Orthoflavivirus,YP_009222007_Banzi_virus,1,1,0
Flavi,Flaviviridae,Orthoflavivirus,YP_009227205.1_Zika_virus,1,1,0
Flavi,Flaviviridae,Orthoflavivirus,YP_009256192.1_Edge_Hill_virus,1,1,0
Flavi,Flaviviridae,Orthoflavivirus,YP_009333115.1_Cacipacore_virus,1,1,0
Flavi,Flaviviridae,Orthoflavivirus,YP_009333131.1_Kokobera_virus,1,1,0
Flavi,Flaviviridae,Orthoflavivirus,YP_009344968.1_Uganda_S_virus,1,1,0
Flavi,Flaviviridae,Orthoflavivirus,YP_009345034.1_Gadgets_Gully_virus,1,1,0
Flavi,Flaviviridae,Orthoflavivirus,YP_009513189.1_Kyasanur_Forest_disease_virus,1,1,0
Flavi,Flaviviridae,Orthoflavivirus,YP_164264.1_Usutu_virus,1,1,0
Flavi,Flaviviridae,Hepacivirus,Cartilaginous_DHHHBHGS10983_Xiamen_sepia_Stingray_hepacivirus_11009bp,0,1,0
Flavi,Flaviviridae,Hepacivirus,Cartilaginous_NHJSG30261_Nanhai_dogfish_shark_hepacivirus_9175bp,0,1,0
Flavi,Flaviviridae,Hepacivirus,Cartilaginous_NHJSG30635_Guangxi_houndshark_hepacivirus_9751bp,0,1,0
Flavi,Flaviviridae,Hepacivirus,Cartilaginous_NHYJG60710_Nanhai_ghost_shark_hepacivirus_2_10630bp,0,1,0
Flavi,Flaviviridae,Hepacivirus,Lungfish_FZFYG124617_Western_African_lungfish_hepacivirus_10272bp,0,1,0
Flavi,Flaviviridae,Hepacivirus,NC_004102_HCVgp1,1,0,0
Flavi,Flaviviridae,Hepacivirus,Q69422_POLG_GBVB,0,1,0
Flavi,Flaviviridae,Hepacivirus,QFR04963.1_Bald_eagle_hepacivirus_Haliaeetus_leucocephalus_3430,0,1,0
Flavi,Flaviviridae,Hepacivirus,QPB69979.1_Rodent_hepacivirus_Acomys_wilsoni_2849,0,1,0
Flavi,Flaviviridae,Hepacivirus,QQM18104.1_Bat_hepacivirus_Glauconycteris_2766,0,1,0
Flavi,Flaviviridae,Hepacivirus,Rayfin_XMLMGHepa10640_Wenling_moray_eel_hepacivirus_8749bp,0,1,0
Flavi,Flaviviridae,Hepacivirus,Reptile_PXJHG3419_Guangxi_chinese_leopard_gecko_hepacivirus_12291bp,0,1,0
Flavi,Flaviviridae,Hepacivirus,Reptile_WHJYGF75270_Chinese_softshell_turtle_hepacivirus_9194bp,0,1,0
Flavi,Flaviviridae,Hepacivirus,UBZ53977.1_Ringtail_hepacivirus_Bassariscus_astutus_2933,0,1,0
Flavi,Flaviviridae,Hepacivirus,UOL48898.1_Longquan_Rhinolophus_pusillus_hepacivirus_1_Rhinolophus_pusillus_3002,0,1,0
Flavi,Flaviviridae,Hepacivirus,UVC43321.1_Rhizomys_pruinosus_hepacivirus_Rhizomys_pruinosus_2779,0,1,0
Flavi,Flaviviridae,Hepacivirus,YP_007905733_Rodent_hepacivirus,0,1,0
Flavi,Flaviviridae,Hepacivirus,YP_009058898_Equine_hepacivirus,0,1,0
Flavi,Flaviviridae,Pegivirus,AAC40502.1_Pegivirus_A_Aotus_trivirgatus_3005,0,1,0
Flavi,Flaviviridae,Pegivirus,ADK12629_GB_virus_D,0,1,0
Flavi,Flaviviridae,Pegivirus,BCT43067.1_Feline_pegivirus_JP03-3208_Felis_catus_3348,0,1,0
Flavi,Flaviviridae,Pegivirus,NC_001837_HGvAgp1,0,1,0
Flavi,Flaviviridae,Pegivirus,QUE43477.1_Goose_pegivirus_1_Anser_cygnoides_3430,0,1,0
Flavi,Flaviviridae,Pestivirus,NC_001461_PestiV1gp1,0,1,0
Flavi,Flaviviridae,Pestivirus,NP_776271.1_Bovine_diarrhea_virus_1,0,1,0
Flavi,Flaviviridae,Pestivirus,NP_777506.1_Classical_swine_fever_virus,0,1,0
Flavi,Flaviviridae,Pestivirus,YP_009109567_Norway_rat_pestivirus,0,1,0
Hepe-Virga,Alphaflexiviridae,Alphaflexiviridae,Tymo_NP_148778_Cactus_virus_X,0,0,1
Hepe-Virga,Alphaflexiviridae,Alphaflexiviridae,Tymo_NP_569126_Garlic_virus_A,0,0,1
Hepe-Virga,Alphaflexiviridae,Alphaflexiviridae,Tymo_YP_263303_Lily_virus_X,0,0,1
Hepe-Virga,Alphaflexiviridae,Alphaflexiviridae,Tymo_YP_325662_Sclerotinia_sclerotiorum_debilitation-associated_RNA_virus,0,0,1
Hepe-Virga,Alphaflexiviridae,Alphaflexiviridae,WHCC96629_Hubei_alphaflexi-like_virus,0,0,1
Hepe-Virga,Benyviridae,Benyviridae,Beny_NP_612601_Beet_soil-borne_mosaic_virus,0,0,1
Hepe-Virga,Benyviridae,Benyviridae,Beny_YP_008219063_Burdock_mottle_virus,0,0,1
Hepe-Virga,Betaflexiviridae,Betaflexiviridae,BAA03339.1_Potato_virus_M_1968,0,0,1
Hepe-Virga,Betaflexiviridae,Betaflexiviridae,DAC85614.1_Date_palm-associated_virus_A_Phoenix_dactylifera_1837,0,0,1
Hepe-Virga,Betaflexiviridae,Betaflexiviridae,QBS17025.1_Zostera_virus_T_Zostera_muelleri_1816,0,0,1
Hepe-Virga,Betaflexiviridae,Betaflexiviridae,QGN03513.1_Cole_latent_virus_Brassica_oleracea_1982,0,0,1
Hepe-Virga,Betaflexiviridae,Betaflexiviridae,QGR26011.1_Rubber_tree_capillovirus_1_Hevea_brasiliensis_2215,0,0,1
Hepe-Virga,Betaflexiviridae,Betaflexiviridae,QLI58025.1_Rubus_virus_1_Rubus_idaeus_2145,0,0,1
Hepe-Virga,Betaflexiviridae,Betaflexiviridae,QOQ52500.1_Citrus_yellow_spot_virus_Citrus_2016,0,0,1
Hepe-Virga,Betaflexiviridae,Betaflexiviridae,QPI34838.1_Camellia_ringspot_associated_virus_4_Camellia_japonica_2075,0,0,1
Hepe-Virga,Betaflexiviridae,Betaflexiviridae,QVE55509.1_Pomes_virus_Greece_Pyrus_communis_2031,0,0,1
Hepe-Virga,Betaflexiviridae,Betaflexiviridae,QYF50259.1_Hainan_betaflexivirus_1988,0,0,1
Hepe-Virga,Betaflexiviridae,Betaflexiviridae,QYF50271.1_Zhejiang_betaflexivirus_2_1860,0,0,1
Hepe-Virga,Betaflexiviridae,Betaflexiviridae,Tymo_NP_062428_Cherry_mottle_leaf_virus,0,0,1
Hepe-Virga,Betaflexiviridae,Betaflexiviridae,Tymo_NP_620106_Cherry_virus_A,0,0,1
Hepe-Virga,Betaflexiviridae,Betaflexiviridae,Tymo_NP_624333_Citrus_leaf_blotch_virus,0,0,1
Hepe-Virga,Betaflexiviridae,Betaflexiviridae,Tymo_YP_001430021_Coleus_vein_necrosis_virus,0,0,1
Hepe-Virga,Betaflexiviridae,Betaflexiviridae,Tymo_YP_002019748_Potato_virus_T,0,0,1
Hepe-Virga,Betaflexiviridae,Betaflexiviridae,Tymo_YP_006590065_Grapevine_virus_F,0,0,1
Hepe-Virga,Betaflexiviridae,Betaflexiviridae,Tymo_YP_009094347_Asian_prunus_virus_1,0,0,1
Hepe-Virga,Betaflexiviridae,Betaflexiviridae,Tymo_YP_009204561_Asian_prunus_virus_2,0,0,1
Hepe-Virga,Betaflexiviridae,Betaflexiviridae,UUB84586.1_Pineapple_vitivirus_A_Ananas_comosus_1515,0,0,1
Hepe-Virga,Betaflexiviridae,Betaflexiviridae,UXX34097.1_Pseudostellaria_heterophylla_carlavirus_1_Pseudostellaria_heterophylla_2025,0,0,1
Hepe-Virga,Betaflexiviridae,Betaflexiviridae,WCC72446.1_Rose_virus_B_Rosa_sp._1985,0,0,1
Hepe-Virga,Betaflexiviridae,Betaflexiviridae,YP_009268859.1_Yacon_virus_A_2081,0,0,1
Hepe-Virga,Betaflexiviridae,Betaflexiviridae,YP_009552718.1_Blackberry_virus_A_1676,0,0,1
Hepe-Virga,Betaflexiviridae,Betaflexiviridae,YP_009664734.1_Cucumber_vein-clearing_virus_878,0,0,1
Hepe-Virga,Bromoviridae,Bromoviridae,bromo_NP_041197_Brome_mosaic_virus,0,0,1
Hepe-Virga,Bromoviridae,Bromoviridae,bromo_NP_049324_Cucumber_mosaic_virus,0,0,1
Hepe-Virga,Bromoviridae,Bromoviridae,bromo_NP_602313_American_plum_line_pattern_virus,0,0,1
Hepe-Virga,Bromoviridae,Bromoviridae,bromo_NP_604470_Apple_mosaic_virus,0,0,1
Hepe-Virga,Bromoviridae,Bromoviridae,bromo_NP_619575_Elm_mottle_virus,0,0,1
Hepe-Virga,Bromoviridae,Bromoviridae,bromo_NP_620043_Olive_latent_virus_2,0,0,1
Hepe-Virga,Bromoviridae,Bromoviridae,bromo_NP_620768_Tobacco_streak_virus,0,0,1
Hepe-Virga,Mayoviridae,Idaeovirus,Idaeovirus_NP_620465_Raspberry_bushy_dwarf_virus,0,0,1
Hepe-Virga,Bromoviridae,Bromoviridae,QWY93831.1_Green_Sichuan_pepper_ilarvirus_Zanthoxylum_armatum_766,0,0,1
Hepe-Virga,Bromoviridae,Bromoviridae,YP_054423.1_Humulus_japonicus_latent_virus_853,0,0,1
Hepe-Virga,Closteroviridae,Closteroviridae,BDT53067.1_wheat_closterovirus_1_Triticum_aestivum_2898,0,0,1
Hepe-Virga,Closteroviridae,Closteroviridae,clostero_AF260651_Citrus_tristeza_virus,0,0,1
Hepe-Virga,Closteroviridae,Closteroviridae,clostero_NP_041870_Beet_yellows_virus,0,0,1
Hepe-Virga,Closteroviridae,Closteroviridae,clostero_NP_619692_Lettuce_infectious_yellows_virus,0,0,1
Hepe-Virga,Closteroviridae,Closteroviridae,clostero_NP_733945_Little_cherry_virus_1,0,0,1
Hepe-Virga,Closteroviridae,Closteroviridae,clostero_NP_891562_Little_cherry_virus_2,0,0,1
Hepe-Virga,Closteroviridae,Closteroviridae,clostero_YP_001552323_Plum_bark_necrosis_stem_pitting-associated_virus,0,0,1
Hepe-Virga,Closteroviridae,Closteroviridae,clostero_YP_001816769_Bean_yellow_disorder_virus,0,0,1
Hepe-Virga,Closteroviridae,Closteroviridae,clostero_YP_003075964_Carrot_yellow_leaf_virus,0,0,1
Hepe-Virga,Closteroviridae,Closteroviridae,clostero_YP_004901686_Grapevine_leafroll-associated_virus_5,0,0,1
Hepe-Virga,Closteroviridae,Closteroviridae,clostero_YP_004935918_Grapevine_leafroll-associated_virus_7,0,0,1
Hepe-Virga,Closteroviridae,Closteroviridae,clostero_YP_004940641_Grapevine_leafroll-associated_virus_1,0,0,1
Hepe-Virga,Closteroviridae,Closteroviridae,QNS29673.1_Fig_virus_B_Ficus_carica_529,0,0,1
Hepe-Virga,Closteroviridae,Closteroviridae,QPK66414.1_Firespike_leaf_roll-associated_virus_501,0,0,1
Hepe-Virga,Closteroviridae,Closteroviridae,YP_009553246.1_Blackcurrant_leafroll-associated_virus_1_3313,0,0,1
Hepe-Virga,Closteroviridae,Closteroviridae,YP_009664794.1_Pineapple_mealybug_wilt-associated_virus_2_559,0,0,1
Hepe-Virga,,Hepe-Virga,Cilevirus_Citrus_leprosis_virus_C,0,0,1
Hepe-Virga,,Hepe-Virga,QRG34866.1_Hibiscus_yellow_blotch_virus_Hibiscus_rosa-sinensis_2606,0,0,1
Hepe-Virga,,Hepe-Virga,UNH55562.1_Ligustrum_leprosis_virus_Ligustrum_sinense_2525,0,0,1
Hepe-Virga,Hepeviridae,Hepeviridae,YP_009553650.1_Rana_hepevirus_1579,0,1,0
Hepe-Virga,Hepeviridae,Hepeviridae,Rayfin_XYHYC192139_Wenling_samurai_squirrelfish_hepevirus_6696bp,0,1,0
Hepe-Virga,Hepeviridae,Hepeviridae,Rayfin_XTXMC52146_Wenling_thamnaconus_striatus_hepevirus_7803bp,0,1,0
Hepe-Virga,Hepeviridae,Hepeviridae,Rayfin_LQMMT516_Wenling_thamnaconus_septentrionalis_hepevirus_4329bp,0,1,0
Hepe-Virga,Hepeviridae,Hepeviridae,Jawless_QSMS17356_Dongbei_arctic_lamprey_hepevirus_6051bp,0,1,0
Hepe-Virga,Hepeviridae,Hepeviridae,hepe_YP_009001465_Avian_hepatitis_E_virus,1,1,0
Hepe-Virga,Hepeviridae,Hepeviridae,hepe_YP_006576507_Bat_hepevirus,0,1,0
Hepe-Virga,Hepeviridae,Hepeviridae,hepe_YP_004464917_Cutthroat_trout_virus,0,1,0
Hepe-Virga,Hepeviridae,Hepeviridae,hepe_NP_056779_Hepatitis_E_virus,1,1,0
Hepe-Virga,Hepeviridae,Hepeviridae,Cartilaginous_NHYJC35031_Nanhai_ghost_shark_hepevirus_5321bp,0,1,0
Hepe-Virga,Hepeviridae,Hepeviridae,Amphibia_GDYYC86697_Guangdong_fish_caecilians_hepevirus_6766bp,0,1,0
Hepe-Virga,Togaviridae,Togaviridae_Alphavirus,AYP10284.1_Venezuelan_equine_encephalitis_virus,1,1,0
Hepe-Virga,Togaviridae,Togaviridae_Alphavirus,NP_041254.1_Onyong-nyong_virus,1,1,0
Hepe-Virga,Togaviridae,Togaviridae_Alphavirus,NP_062879.1_Ross_River_virus,1,1,0
Hepe-Virga,Togaviridae,Togaviridae_Alphavirus,NP_463457.1_Semliki_Forest_virus,1,1,0
Hepe-Virga,Togaviridae,Togaviridae_Alphavirus,NP_579968.1_Mayaro_virus,1,1,0
Hepe-Virga,Togaviridae,Togaviridae_Alphavirus,NP_597797_Barmah_Forest_virus,1,1,0
Hepe-Virga,Togaviridae,Togaviridae_Alphavirus,NP_632021.2_Eastern_equine_encephalitis_virus,1,1,0
Hepe-Virga,Togaviridae,Togaviridae_Alphavirus,QJE50387.1_Harbor_porpoise_alphavirus_Phocoena_phocoena_2489,0,1,0
Hepe-Virga,Togaviridae,Togaviridae_Alphavirus,toga_NP_062888_Sindbis_virus,1,1,0
Hepe-Virga,Togaviridae,Togaviridae_Alphavirus,toga_NP_598184_Sleeping_disease_virus,0,1,0
Hepe-Virga,Togaviridae,Togaviridae_Alphavirus,toga_NP_640330_Western_equine_encephalitis_virus,1,1,0
Hepe-Virga,Togaviridae,Togaviridae_Alphavirus,toga_NP_690588_Chikungunya_virus,1,1,0
Hepe-Virga,Togaviridae,Togaviridae_Alphavirus,YP_002802299_Highlands_J_virus,1,1,0
Hepe-Virga,Togaviridae,Togaviridae_Alphavirus,YP_008888544_Ndumu_virus,1,1,0
Hepe-Virga,Togaviridae,Togaviridae_Alphavirus,YP_008888546_Whataroa_virus,1,1,0
Hepe-Virga,Togaviridae,Togaviridae_Alphavirus,YP_009507796.1_Everglades_virus,1,1,0
Hepe-Virga,Togaviridae,Togaviridae_Alphavirus,YP_009507798.1_Mucambo_virus,1,1,0
Hepe-Virga,Togaviridae,Togaviridae_Alphavirus,YP_009507800.1_Pixuna_virus,1,1,0
Hepe-Virga,Togaviridae,Togaviridae_Alphavirus,YP_009507802.1_Rio_Negro_virus,1,1,0
Hepe-Virga,Togaviridae,Togaviridae_Alphavirus,YP_009507804.1_Tonate_virus,1,1,0
Hepe-Virga,Togaviridae,Togaviridae_Alphavirus,YP_009508088.1_Mosso_das_Pedras_virus,1,1,0
Hepe-Virga,Togaviridae,Togaviridae_Alphavirus,YP_164438_Getah_virus,1,1,0
Hepe-Virga,Matonaviridae,Togaviridae_Rubivirus,toga_NP_062883_Rubella_virus,1,0,0
Hepe-Virga,Tymoviridae,Tymoviridae,QOQ52503.1_Citrus_virus_C_Citrus_2069,0,0,1
Hepe-Virga,Tymoviridae,Tymoviridae,Tymo_NP_040968_Eggplant_mosaic_virus,0,0,1
Hepe-Virga,Tymoviridae,Tymoviridae,Tymo_NP_044447_Oat_blue_dwarf_virus,0,0,1
Hepe-Virga,Tymoviridae,Tymoviridae,Tymo_NP_542612_Grapevine_fleck_virus,0,0,1
Hepe-Virga,Tymoviridae,Tymoviridae,YP_009268923.1_Grapevine_Red_Globe_virus_1977,0,0,1
Hepe-Virga,Virgaviridae,Virgaviridae,AZL87784.1_Lychnis_ringspot_virus_Silene_subgen._Lychnis_627,0,0,1
Hepe-Virga,Virgaviridae,Virgaviridae,virga_NP_044577_Cucumber_green_mottle_mosaic_virus,0,0,1
Hepe-Virga,Virgaviridae,Virgaviridae,virga_NP_056808_Odontoglossum_ringspot_virus,0,0,1
Hepe-Virga,Virgaviridae,Virgaviridae,virga_NP_062913_Tobacco_mild_green_mosaic_virus,0,0,1
Hepe-Virga,Virgaviridae,Virgaviridae,virga_NP_078446_Tomato_mosaic_virus,0,0,1
Hepe-Virga,Virgaviridae,Virgaviridae,virga_NP_612605_Beet_virus_Q,0,0,1
Hepe-Virga,Virgaviridae,Virgaviridae,virga_NP_619740_Pepper_mild_mottle_virus,0,0,1
Hepe-Virga,Virgaviridae,Virgaviridae,virga_NP_620033_Pepper_ringspot_virus,0,0,1
Hepe-Virga,Virgaviridae,Virgaviridae,virga_NP_620047_Peanut_clump_virus,0,0,1
Hepe-Virga,Virgaviridae,Virgaviridae,virga_NP_620669_Tobacco_rattle_virus,0,0,1
Hepe-Virga,Virgaviridae,Virgaviridae,virga_NP_620841_Obuda_pepper_virus,0,0,1
Hepe-Virga,Virgaviridae,Virgaviridae,virga_NP_624336_Zucchini_green_mottle_mosaic_virus,0,0,1
Hepe-Virga,Virgaviridae,Virgaviridae,virga_NP_659020_Sorghum_chlorotic_spot_virus,0,0,1
Hepe-Virga,Virgaviridae,Virgaviridae,virga_NP_740760_Broad_bean_necrosis_virus,0,0,1
Hepe-Virga,Virgaviridae,Virgaviridae,virga_YP_001974323_Brugmansia_mild_mottle_virus,0,0,1
Hepe-Virga,Virgaviridae,Virgaviridae,virga_YP_002455905_Cactus_mild_mottle_virus,0,0,1
Hepe-Virga,Virgaviridae,Virgaviridae,virga_YP_003915153_Frangipani_mosaic_virus,0,0,1
Hepe-Virga,Virgaviridae,Virgaviridae,virga_YP_004465358_Passion_fruit_mosaic_virus,0,0,1
Hepe-Virga,Virgaviridae,Virgaviridae,virga_YP_004956727_Clitoria_yellow_mottle_virus,0,0,1
Hepe-Virga,Virgaviridae,Virgaviridae,virga_YP_008802584_Yellow_tailflower_mild_mottle_virus,0,0,1
Hepe-Virga,Virgaviridae,Virgaviridae,virga_YP_719997_Hibiscus_latent_Singapore_virus,0,0,1
Hepe-Virga,Virgaviridae,Virgaviridae,virga_YP_908760_Cucumber_mottle_virus,0,0,1
Luteo-Sobemo,Solemoviridae,Solemoviridae_Sobemovirus,NC_001625_Southern_cowpea_mosaic_virus,0,0,1
Luteo-Sobemo,Solemoviridae,Solemoviridae_Sobemovirus,NC_001696_Lucerne_transient_streak_virus,0,0,1
Luteo-Sobemo,Solemoviridae,Solemoviridae_Sobemovirus,NC_014509_Velvet_tobacco_mottle_virus,0,0,1
Luteo-Sobemo,Solemoviridae,Solemoviridae_Sobemovirus,NC_011536_Imperata_yellow_mottle_virus,0,0,1
Luteo-Sobemo,Solemoviridae,Solemoviridae_Sobemovirus,NC_011187_Rubus_chlorotic_mottle_virus,0,0,1
Luteo-Sobemo,Solemoviridae,Solemoviridae_Sobemovirus,NC_002618_Cocksfoot_mottle_virus,0,0,1
Luteo-Sobemo,Solemoviridae,Solemoviridae_Sobemovirus,NC_004346_Subterranean_clover_mottle_virus,0,0,1
Luteo-Sobemo,Solemoviridae,Solemoviridae_Sobemovirus,NC_004553_Turnip_rosette_virus,0,0,1
Luteo-Sobemo,Solemoviridae,Solemoviridae_Sobemovirus,NC_004060_Southern_bean_mosaic_virus,0,0,1
Luteo-Sobemo,Solemoviridae,Solemoviridae_Sobemovirus,NC_003747_Ryegrass_mottle_virus,0,0,1
Luteo-Sobemo,Solemoviridae,Solemoviridae_Sobemovirus,NC_001575_Rice_yellow_mottle_virus,0,0,1
Luteo-Sobemo,Solemoviridae,Solemoviridae_Sobemovirus,NC_018449_Papaya_lethal_yellowing_virus,0,0,1
Luteo-Sobemo,Solemoviridae,Solemoviridae_Sobemovirus,NC_017914_Artemisia_virus_A,0,0,1
Luteo-Sobemo,Solemoviridae,Solemoviridae_Sobemovirus,NC_016033_Soybean_yellow_common_mosaic_virus,0,0,1
Luteo-Sobemo,Solemoviridae,Solemoviridae_Sobemovirus,NC_002568_Sesbania_mosaic_virus,0,0,1
Luteo-Sobemo,Solemoviridae,Solemoviridae_Polerovirus,DAZ87470.1_Cardamom_polerovirus_Elettaria_cardamomum_1135,0,0,1
Luteo-Sobemo,Solemoviridae,Solemoviridae_Polerovirus,QGY99242.1_Groundnut_rosette_assistor_virus_Arachis_1054,0,0,1
Luteo-Sobemo,Solemoviridae,Solemoviridae_Polerovirus,BBL52496.1_Persimmon_polerovirus_Diospyros_kaki_1056,0,0,1
Luteo-Sobemo,Solemoviridae,Solemoviridae_Polerovirus,QBF54044.1_Zucchini_aphid-borne_yellows_virus_Cucurbita_pepo_1042,0,0,1
Luteo-Sobemo,Solemoviridae,Solemoviridae_Polerovirus,YP_010086855.1_Faba_bean_polerovirus_1_1033,0,0,1
Luteo-Sobemo,Solemoviridae,Solemoviridae_Polerovirus,CJLX30310_Changjiang_polero-like_virus_1,0,0,1
Luteo-Sobemo,Solemoviridae,Solemoviridae_Polerovirus,WHCC118254_Hubei_polero-like_virus_1,0,0,1
Luteo-Sobemo,Solemoviridae,Solemoviridae_Polerovirus,QTM26674_Hubei_polero-like_virus_2,0,0,1
Luteo-Sobemo,Solemoviridae,Solemoviridae_Polerovirus,NC_012931_Wheat_yellow_dwarf_virus-GPV,0,0,1
Luteo-Sobemo,Solemoviridae,Solemoviridae_Polerovirus,NC_004751_Cereal_yellow_dwarf_virus-RPV,0,0,1
Luteo-Sobemo,Solemoviridae,Solemoviridae_Polerovirus,NC_002198_Cereal_yellow_dwarf_virus-RPS,0,0,1
Luteo-Sobemo,Solemoviridae,Solemoviridae_Polerovirus,NC_003688_Cucurbit_aphid-borne_yellows_virus,0,0,1
Luteo-Sobemo,Solemoviridae,Solemoviridae_Polerovirus,NC_010809_Melon_aphid-borne_yellows_virus,0,0,1
Luteo-Sobemo,Solemoviridae,Solemoviridae_Polerovirus,NC_004756_Beet_western_yellows_virus,0,0,1
Luteo-Sobemo,Solemoviridae,Solemoviridae_Polerovirus,NC_003491_Beet_mild_yellowing_virus,0,0,1
Luteo-Sobemo,Solemoviridae,Solemoviridae_Polerovirus,NC_021484_Maize_yellow_dwarf_virus-RMV,0,0,1
Luteo-Sobemo,Solemoviridae,Solemoviridae_Polerovirus,NC_015050_Pepper_vein_yellows_virus,0,0,1
Luteo-Sobemo,Solemoviridae,Solemoviridae_Polerovirus,NC_010732_Tobacco_vein_distorting_virus,0,0,1
Luteo-Sobemo,Solemoviridae,Solemoviridae_Polerovirus,NC_016038_Brassica_yellows_virus,0,0,1
Luteo-Sobemo,Solemoviridae,Solemoviridae_Polerovirus,NC_003743_Turnip_yellows_virus,0,0,1
Luteo-Sobemo,Solemoviridae,Solemoviridae_Polerovirus,NC_014545_Cotton_leafroll_dwarf_virus,0,0,1
Luteo-Sobemo,Solemoviridae,Solemoviridae_Polerovirus,NC_008249_Chickpea_chlorotic_stunt_virus,0,0,1
Luteo-Sobemo,Solemoviridae,Solemoviridae_Polerovirus,NC_006265_Carrot_red_leaf_virus,0,0,1
Luteo-Sobemo,Solemoviridae,Solemoviridae_Polerovirus,NC_001747_Potato_leafroll_virus,0,0,1
Luteo-Sobemo,Solemoviridae,Solemoviridae_Polerovirus,NC_025435_Strawberry_polerovirus_1,0,0,1
Luteo-Sobemo,Solemoviridae,Solemoviridae_Polerovirus,NC_002766_Beet_chlorosis_virus,0,0,1
Luteo-Sobemo,Solemoviridae,Solemoviridae_Polerovirus,NC_025837_Sauropus_yellowing_virus_isolate,0,0,1
Luteo-Sobemo,Solemoviridae,Solemoviridae_Polerovirus,NC_000874_Sugarcane_yellow_leaf_virus,0,0,1
Luteo-Sobemo,Solemoviridae,Solemoviridae_Polerovirus,NC_018571_Suakwa_aphid-borne_yellows_virus,0,0,1
Luteo-Sobemo,Solemoviridae,Solemoviridae_Enamovirus,YP_009825041.1_Bird_s-foot_trefoil_enamovirus_1_1183,0,0,1
Luteo-Sobemo,Solemoviridae,Solemoviridae_Enamovirus,NC_021564_Citrus_vein_enation_virus,0,0,1
Luteo-Sobemo,Solemoviridae,Solemoviridae_Enamovirus,NC_003629_Pea_enation_mosaic_virus-1,0,0,1
Narna-Levi,Botourmiaviridae,Ourmiavirus,YP_002019754_Epirus_cherry_virus,0,0,1
Narna-Levi,Botourmiaviridae,Ourmiavirus,YP_002019757_Ourmia_melon_virus,0,0,1
Narna-Levi,Botourmiaviridae,Ourmiavirus,YP_003104770_Cassava_virus_C,0,0,1
Negative_Bunya-Arena,Arenaviridae,Arenaviridae,NP_694845_Lymphocytic_choriomeningitis_mammarenavirus,1,1,0
Negative_Bunya-Arena,Arenaviridae,Arenaviridae,NP_694848_Tacaribe_mammarenavirus,0,1,0
Negative_Bunya-Arena,Arenaviridae,Arenaviridae,NP_694872_Lassa_mammarenavirus,1,1,0
Negative_Bunya-Arena,Arenaviridae,Arenaviridae,NP_899215_Machupo_mammarenavirus,1,1,0
Negative_Bunya-Arena,Arenaviridae,Arenaviridae,NP_899217_Junin_mammarenavirus,1,1,0
Negative_Bunya-Arena,Arenaviridae,Arenaviridae,NP_899221_Guanarito_mammarenavirus,1,1,0
Negative_Bunya-Arena,Arenaviridae,Arenaviridae,Rayfin_XYHYG11303_Wenling_frogfish_arenavirus_1_6537bp,0,1,0
Negative_Bunya-Arena,Arenaviridae,Arenaviridae,Rayfin_XYHYG24857_Wenling_frogfish_arenavirus_2_6425bp,0,1,0
Negative_Bunya-Arena,Arenaviridae,Arenaviridae,YP_001649212_Allpahuayo_mammarenavirus,0,1,0
Negative_Bunya-Arena,Arenaviridae,Arenaviridae,YP_001649214_Oliveros_mammarenavirus,0,1,0
Negative_Bunya-Arena,Arenaviridae,Arenaviridae,YP_001649216_Amapar_mammarenavirus,0,1,0
Negative_Bunya-Arena,Arenaviridae,Arenaviridae,YP_001649218_Cupixi_mammarenavirus,0,1,0
Negative_Bunya-Arena,Arenaviridae,Arenaviridae,YP_001649225_Bear_Canyon_mammarenavirus,0,1,0
Negative_Bunya-Arena,Arenaviridae,Arenaviridae,YP_001816785_Chapare_mammarenavirus,1,1,0
Negative_Bunya-Arena,Arenaviridae,Arenaviridae,YP_001911118_Tamiami_mammarenavirus,0,1,0
Negative_Bunya-Arena,Arenaviridae,Arenaviridae,YP_001911120_Whitewater_Arroyo_mammarenavirus,1,1,0
Negative_Bunya-Arena,Arenaviridae,Arenaviridae,YP_001936024_Flexal_mammarenavirus,0,1,0
Negative_Bunya-Arena,Arenaviridae,Arenaviridae,YP_001936026_Latino_mammarenavirus,0,1,0
Negative_Bunya-Arena,Arenaviridae,Arenaviridae,YP_001936028_Parana_mammarenavirus,0,1,0
Negative_Bunya-Arena,Arenaviridae,Arenaviridae,YP_002929493_Lujo_mammarenavirus,1,1,0
Negative_Bunya-Arena,Arenaviridae,Arenaviridae,YP_003090217_Morogoro_virus,0,1,0
Negative_Bunya-Arena,Arenaviridae,Arenaviridae,YP_004933733_Luna_mammarenavirus,0,1,0
Negative_Bunya-Arena,Arenaviridae,Arenaviridae,YP_006590089_Golden_Gate_virus,0,1,0
Negative_Bunya-Arena,Arenaviridae,Arenaviridae,YP_006590093_CAS_virus,0,1,0
Negative_Bunya-Arena,Arenaviridae,Arenaviridae,YP_006858709_Lunk_virus_NKS-1,0,1,0
Negative_Bunya-Arena,Arenaviridae,Arenaviridae,YP_009019197_ROUT_virus,0,1,0
Negative_Bunya-Arena,Arenaviridae,Arenaviridae,YP_009019199_Merino_Walk_mammarenavirus,0,1,0
Negative_Bunya-Arena,Arenaviridae,Arenaviridae,YP_009019203_University_of_Helsinki_virus,0,1,0
Negative_Bunya-Arena,Arenaviridae,Arenaviridae,YP_009113209_Wenzhou_mammarenavirus,0,1,0
Negative_Bunya-Arena,Arenaviridae,Arenaviridae,YP_009116793_Gairo_mammarenavirus,0,1,0
Negative_Bunya-Arena,Arenaviridae,Arenaviridae,YP_009141010_Okahandja_mammarenavirus,0,1,0
Negative_Bunya-Arena,Arenaviridae,Arenaviridae,YP_009508476.1_Souris_virus_2215,0,1,0
Negative_Bunya-Arena,Arenaviridae,Arenaviridae,YP_010086249.1_Xapuri_virus_2199,0,1,0
Negative_Bunya-Arena,Arenaviridae,Arenaviridae,YP_025093_Pirital_mammarenavirus,0,1,0
Negative_Bunya-Arena,Arenaviridae,Arenaviridae,YP_089660_Sabia_mammarenavirus,1,1,0
Negative_Bunya-Arena,Arenaviridae,Arenaviridae,YP_138534_Pichinde_mammarenavirus,1,1,0
Negative_Bunya-Arena,Arenaviridae,Arenaviridae,YP_170708_Mopeia_virus_AN20410,0,1,0
Negative_Bunya-Arena,Arenaviridae,Arenaviridae,YP_516229_Mobala_mammarenavirus,0,1,0
Negative_Bunya-Arena,Arenaviridae,Arenaviridae,YP_516233_Ippy_mammarenavirus,0,1,0
Negative_Bunya-Arena,Fimoviridae,Fimoviridae,HF568801_Pigeonpea_sterility_mosaic_virus,0,0,1
Negative_Bunya-Arena,Fimoviridae,Fimoviridae,HQ703343_Fig_mosaic_virus,0,0,1
Negative_Bunya-Arena,Fimoviridae,Fimoviridae,JF795479_Redbud_yellow_ringspot_virus,0,0,1
Negative_Bunya-Arena,Fimoviridae,Fimoviridae,NC_013105_European_mountain_ash_ringspot-associated_virus,0,0,1
Negative_Bunya-Arena,Fimoviridae,Fimoviridae,NC_015298_Rose_rosette_virus,0,0,1
Negative_Bunya-Arena,Hantaviridae,Hantaviridae,ABJ74147_Hantaan_hantavirus,1,1,0
Negative_Bunya-Arena,Hantaviridae,Hantaviridae,ACI32065_Asama_virus,0,1,0
Negative_Bunya-Arena,Hantaviridae,Hantaviridae,ADZ76455_Black_Creek_Canal_hantavirus,1,1,0
Negative_Bunya-Arena,Hantaviridae,Hantaviridae,AEA11487_Rockport_virus,0,1,0
Negative_Bunya-Arena,Hantaviridae,Hantaviridae,AEX56233_Jeju_virus,0,1,0
Negative_Bunya-Arena,Hantaviridae,Hantaviridae,AEZ02948_Sangassou_hantavirus,1,1,0
Negative_Bunya-Arena,Hantaviridae,Hantaviridae,AFQ36585_Uluguru_virus,0,1,0
Negative_Bunya-Arena,Hantaviridae,Hantaviridae,AFQ36588_Kilimanjaro_virus,0,1,0
Negative_Bunya-Arena,Hantaviridae,Hantaviridae,AHA83412_Xinyi_virus,0,1,0
Negative_Bunya-Arena,Hantaviridae,Hantaviridae,AID51349_Camp_Ripley_virus,0,1,0
Negative_Bunya-Arena,Hantaviridae,Hantaviridae,AIF28819_Imjin_virus,0,1,0
Negative_Bunya-Arena,Hantaviridae,Hantaviridae,AIL25331_Yuanjiang_virus,0,1,0
Negative_Bunya-Arena,Hantaviridae,Hantaviridae,AJZ68872_Laibin_virus,0,1,0
Negative_Bunya-Arena,Hantaviridae,Hantaviridae,AKI28853_Altai_virus,0,1,0
Negative_Bunya-Arena,Hantaviridae,Hantaviridae,AKM95722_Nova_virus,0,1,0
Negative_Bunya-Arena,Hantaviridae,Hantaviridae,ALJ30180_Puumala_hantavirus,1,1,0
Negative_Bunya-Arena,Hantaviridae,Hantaviridae,AMB43174_Eothenomys_eleusis_hantavirus_FUGV,0,1,0
Negative_Bunya-Arena,Hantaviridae,Hantaviridae,AND78465_Quezon_virus,0,1,0
Negative_Bunya-Arena,Hantaviridae,Hantaviridae,AOR07000_Tigray_hantavirus,0,1,0
Negative_Bunya-Arena,Hantaviridae,Hantaviridae,APU53641_Brno_virus,0,1,0
Negative_Bunya-Arena,Hantaviridae,Hantaviridae,Jawless_DHMMS25300_Wenling_hagfish_hantavirus_6734bp,0,1,0
Negative_Bunya-Arena,Hantaviridae,Hantaviridae,Longquanvirus,0,1,0
Negative_Bunya-Arena,Hantaviridae,Hantaviridae,NP_604473_Andes_hantavirus,1,1,0
Negative_Bunya-Arena,Hantaviridae,Hantaviridae,NP_941976_Sin_Nombre_hantavirus,1,1,0
Negative_Bunya-Arena,Hantaviridae,Hantaviridae,NP_942124_Tula_hantavirus,1,1,0
Negative_Bunya-Arena,Hantaviridae,Hantaviridae,NP_942555_Dobrava-Belgrade_hantavirus,1,1,0
Negative_Bunya-Arena,Hantaviridae,Hantaviridae,NP_942558_Seoul_hantavirus,1,1,0
Negative_Bunya-Arena,Hantaviridae,Hantaviridae,Rayfin_XQTMS16810_Wenling_minipizza_batfish_hantavirus_5301bp,0,1,0
Negative_Bunya-Arena,Hantaviridae,Hantaviridae,Rayfin_XQTMS34106_Wenling_yellow_goosefish_hantavirus_6403bp,0,1,0
Negative_Bunya-Arena,Hantaviridae,Hantaviridae,Rayfin_XTXMS70955_Wenling_red_spikefish_hantavirus_6305bp,0,1,0
Negative_Bunya-Arena,Hantaviridae,Hantaviridae,Reptile_LPXYF84819_Hainan_oriental_leaf-toed_gecko_hantavirus_6627bp,0,1,0
Negative_Bunya-Arena,Hantaviridae,Hantaviridae,YP_001911124_Thottapalayam_hantavirus,1,1,0
Negative_Bunya-Arena,Hantaviridae,Hantaviridae,YP_138530_Hantavirus,1,1,0
Negative_Bunya-Arena,Nairoviridae,Nairoviridae_Orthonairovirus,DQ076419_Hazara_virus,0,1,0
Negative_Bunya-Arena,Nairoviridae,Nairoviridae_Orthonairovirus,JF911697_Erve_virus,1,1,0
Negative_Bunya-Arena,Nairoviridae,Nairoviridae_Orthonairovirus,NP_690576_Dugbe_virus,1,1,0
Negative_Bunya-Arena,Nairoviridae,Nairoviridae_Orthonairovirus,YP_009513191.1_Thiafora_orthonairovirus,1,1,0
Negative_Bunya-Arena,Nairoviridae,Nairoviridae_Orthonairovirus,YP_325663_Crimean-Congo_hemorrhagic_fever_virus,1,1,0
Negative_Bunya-Arena,Peribunyaviridae,Peribunyaviridae,AGX32057_Tai_virus,0,1,0
Negative_Bunya-Arena,Peribunyaviridae,Peribunyaviridae,AGX32058_Kibale_virus,0,1,0
Negative_Bunya-Arena,Peribunyaviridae,Peribunyaviridae,AGX32061_Herbert_virus,0,1,0
Negative_Bunya-Arena,Peribunyaviridae,Peribunyaviridae,AMR73391.1_Kowanyama_virus_Anopheles_amictus_2253,0,1,0
Negative_Bunya-Arena,Peribunyaviridae,Peribunyaviridae,CC59661_Bunya-Arena_Wuhan_Louse_Fly_Virus_1_KM817663,0,1,0
Negative_Bunya-Arena,Peribunyaviridae,Peribunyaviridae,KF981636_Khurdun_virus,0,1,0
Negative_Bunya-Arena,Peribunyaviridae,Peribunyaviridae,NP_047211_Bunyamwera_virus,1,1,0
Negative_Bunya-Arena,Peribunyaviridae,Peribunyaviridae,NP_671968_La_Crosse_virus,1,1,0
Negative_Bunya-Arena,Peribunyaviridae,Peribunyaviridae,NP_982304_Oropouche_virus,1,1,0
Negative_Bunya-Arena,Peribunyaviridae,Peribunyaviridae,YP_001497159_Akabane_virus,0,1,0
Negative_Bunya-Arena,Peribunyaviridae,Peribunyaviridae,YP_006590076_Shamonda_virus,0,1,0
Negative_Bunya-Arena,Peribunyaviridae,Peribunyaviridae,YP_006590079_Aino_virus,0,1,0
Negative_Bunya-Arena,Peribunyaviridae,Peribunyaviridae,YP_006590082_Simbu_virus,0,1,0
Negative_Bunya-Arena,Peribunyaviridae,Peribunyaviridae,YP_008400138_Brazoran_virus,0,1,0
Negative_Bunya-Arena,Peribunyaviridae,Peribunyaviridae,YP_008709776_Murrumbidgee_virus,0,1,0
Negative_Bunya-Arena,Peribunyaviridae,Peribunyaviridae,YP_009362043.1_Oriboca_virus,1,1,0
Negative_Bunya-Arena,Peribunyaviridae,Peribunyaviridae,YP_009362049.1_Bwamba_orthobunyavirus,1,1,0
Negative_Bunya-Arena,Peribunyaviridae,Peribunyaviridae,YP_009362061.1_Guaroa_virus,1,1,0
Negative_Bunya-Arena,Peribunyaviridae,Peribunyaviridae,YP_009362063.1_Caraparu_virus,1,1,0
Negative_Bunya-Arena,Peribunyaviridae,Peribunyaviridae,YP_009362066.1_Nyando_virus,1,0,0
Negative_Bunya-Arena,Peribunyaviridae,Peribunyaviridae,YP_009362068.1_Marituba_virus,1,1,0
Negative_Bunya-Arena,Peribunyaviridae,Peribunyaviridae,YP_009362071.1_Madrid_virus,1,1,0
Negative_Bunya-Arena,Peribunyaviridae,Peribunyaviridae,YP_009507870.1_Catu_virus,1,1,0
Negative_Bunya-Arena,Peribunyaviridae,Peribunyaviridae,YP_009507879.1_Guama_virus,1,1,0
Negative_Bunya-Arena,Peribunyaviridae,Peribunyaviridae,YP_009507881.1_Kairi_virus,1,1,0
Negative_Bunya-Arena,Peribunyaviridae,Peribunyaviridae,YP_009512925.1_Wyeomyia_orthobunyavirus,1,1,0
Negative_Bunya-Arena,Peribunyaviridae,Peribunyaviridae,YP_009667044.1_Tacaiuma_orthobunyavirus_2240,1,1,0
Negative_Bunya-Arena,Peribunyaviridae,Peribunyaviridae,YP_010085071.1_Tapirape_virus_2240,0,1,0
Negative_Bunya-Arena,Phenuiviridae,Phenuiviridae,NP_058528_Rice_grassy_stunt_virus,0,0,1
Negative_Bunya-Arena,Phenuiviridae,Phenuiviridae,NP_620522_Rice_stripe_virus,0,0,1
Negative_Bunya-Arena,Phenuiviridae,Phenuiviridae_Phlebovirus,AFH88999_Saint_Floris_virus,0,1,0
Negative_Bunya-Arena,Phenuiviridae,Phenuiviridae_Phlebovirus,QNJ99604.1_Bogoria_virus_Phlebotominae_2092,0,1,0
Negative_Bunya-Arena,Phenuiviridae,Phenuiviridae_Phlebovirus,YP_003848704_Rift_Valley_fever_virus,1,1,0
Negative_Bunya-Arena,Phenuiviridae,Phenuiviridae_Phlebovirus,YP_004347993_Candiru_virus,1,0,0
Negative_Bunya-Arena,Phenuiviridae,Phenuiviridae_Phlebovirus,YP_004382743_Sandfly_fever_Turkey_virus,1,0,0
Negative_Bunya-Arena,Phenuiviridae,Phenuiviridae_Phlebovirus,YP_004414703_Aguacate_virus,0,1,0
Negative_Bunya-Arena,Phenuiviridae,Phenuiviridae_Bandavirus,YP_006504091_SFTS_virus,1,1,0
Negative_Bunya-Arena,Phenuiviridae,Phenuiviridae_Bandavirus,YP_008003507_Lone_Star_virus,1,1,0
Negative_Bunya-Arena,Phenuiviridae,Phenuiviridae_Bandavirus,YP_008719916_Razdan_virus,0,1,0
Negative_Bunya-Arena,Phenuiviridae,Phenuiviridae_Phlebovirus,YP_009512941.1_Punta_Toro_virus,1,0,0
Negative_Bunya-Arena,Phenuiviridae,Phenuiviridae_Phlebovirus,YP_010086091.1_Gabek_Forest_virus_2102,0,1,0
Negative_Bunya-Arena,Phenuiviridae,Phenuiviridae_Phlebovirus,YP_010086105.1_Alenquer_virus_2088,1,0,0
Negative_Bunya-Arena,Phenuiviridae,Phenuiviridae_Phlebovirus,YP_010086117.1_Echarate_virus_2089,1,0,0
Negative_Bunya-Arena,Phenuiviridae,Phenuiviridae_Phlebovirus,YP_010086182.1_Buenaventura_virus_2087,0,1,0
Negative_Bunya-Arena,Phenuiviridae,Phenuiviridae_Phlebovirus,YP_010086191.1_La_Gloria_virus_2096,0,1,0
Negative_Bunya-Arena,Phenuiviridae,Phenuiviridae_Phlebovirus,YP_010086195.1_Mona_Grita_virus_2083,0,1,0
Negative_Bunya-Arena,Phenuiviridae,Phenuiviridae_Phlebovirus,YP_010086223.1_Icoaraci_virus_2084,0,1,0
Negative_Bunya-Arena,Phenuiviridae,Phenuiviridae_Phlebovirus,YP_089669_Sandfly_fever_Naples_virus,1,1,0
Negative_Bunya-Arena,Tospoviridae,Tospoviridae,NP_049362_Tomato_spotted_wilt_virus,0,0,1
Negative_Bunya-Arena,Tospoviridae,Tospoviridae,NP_619688_Groundnut_bud_necrosis_virus,0,0,1
Negative_Bunya-Arena,Tospoviridae,Tospoviridae,NP_619710_Impatiens_necrotic_spot_virus,0,0,1
Negative_Bunya-Arena,Tospoviridae,Tospoviridae,NP_620752_Watermelon_silver_mottle_virus,0,0,1
Negative_Bunya-Arena,Tospoviridae,Tospoviridae,YP_001740047_Tomato_zonate_spot_virus,0,0,1
Negative_Bunya-Arena,Tospoviridae,Tospoviridae,YP_006468898_Bean_necrotic_mosaic_virus,0,0,1
Negative_Bunya-Arena,Tospoviridae,Tospoviridae,YP_717924_Capsicum_chlorosis_virus,0,0,1
Negative_Bunya-Arena,Tospoviridae,Tospoviridae,YP_717933_Melon_yellow_spot_virus,0,0,1
Negative_Mono-chu,Bornaviridae,Bornaviridae,AVM87541.1_Wuhan_sharpbelly_bornavirus,0,1,0
Negative_Mono-chu,Bornaviridae,Bornaviridae,NP_042024_Borna_disease_virus,0,1,0
Negative_Mono-chu,Bornaviridae,Bornaviridae,YP_009041461_Canary_bornavirus_3,0,1,0
Negative_Mono-chu,Bornaviridae,Bornaviridae,YP_009055063.1_Loveridges_garter_snake_virus_1,0,1,0
Negative_Mono-chu,Bornaviridae,Bornaviridae,YP_009237647.1_Aquatic_bird_bornavirus_1,0,1,0
Negative_Mono-chu,Bornaviridae,Bornaviridae,YP_009268904_Parrot_bornavirus_7,0,1,0
Negative_Mono-chu,Bornaviridae,Bornaviridae,YP_009268910.1_Canary_bornavirus_1,0,1,0
Negative_Mono-chu,Bornaviridae,Bornaviridae,YP_009269418.1_Variegated_squirrel_bornavirus_1,0,1,0
Negative_Mono-chu,Bornaviridae,Bornaviridae,YP_009512933.1_Parrot_bornavirus_1,0,1,0
Negative_Mono-chu,Bornaviridae,Bornaviridae,YP_009512939.1_Parrot_bornavirus_5,0,1,0
Negative_Mono-chu,Filoviridae,Filoviridae,NP_066251_Zaire_ebolavirus,1,1,0
Negative_Mono-chu,Filoviridae,Filoviridae,NP_690587_Reston_ebolavirus,1,1,0
Negative_Mono-chu,Filoviridae,Filoviridae,Rayfin_LQMMTII17328_Wenling_thamnaconus_septentrionalis_filovirus_14284bp,0,1,0
Negative_Mono-chu,Filoviridae,Filoviridae,Rayfin_XYHYS28627_Wenling_frogfish_filovirus_17221bp,0,1,0
Negative_Mono-chu,Filoviridae,Filoviridae,YP_001531159_Marburg_marburgvirus,1,1,0
Negative_Mono-chu,Filoviridae,Filoviridae,YP_003815431.1_Tai_Forest_ebolavirus,1,1,0
Negative_Mono-chu,Filoviridae,Filoviridae,YP_003815440.1_Bundibugyo_ebolavirus,1,1,0
Negative_Mono-chu,Filoviridae,Filoviridae,YP_004928143_Lloviu_virus,0,1,0
Negative_Mono-chu,Filoviridae,Filoviridae,YP_138527.1_Sudan_ebolavirus,1,1,0
Negative_Mono-chu,Paramyxoviridae,Paramyxoviridae,NP_047113.3_Hendra_henipavirus,1,1,0
Negative_Mono-chu,Paramyxoviridae,Paramyxoviridae,NP_047207.1_Canine_morbillivirus,1,1,0
Negative_Mono-chu,Paramyxoviridae,Paramyxoviridae,NP_054697_Tupaia_paramyxovirus,0,1,0
Negative_Mono-chu,Paramyxoviridae,Paramyxoviridae,NP_054714_Mumps_virus,1,0,0
Negative_Mono-chu,Paramyxoviridae,Paramyxoviridae,NP_056924_Measles_virus,1,1,0
Negative_Mono-chu,Paramyxoviridae,Paramyxoviridae,NP_067153_Human_parainfluenza_virus_3,1,1,0
Negative_Mono-chu,Paramyxoviridae,Paramyxoviridae,NP_071471_Newcastle_disease_virus,0,1,0
Negative_Mono-chu,Paramyxoviridae,Paramyxoviridae,NP_112028_Nipah_virus,1,1,0
Negative_Mono-chu,Paramyxoviridae,Paramyxoviridae,NP_150063_Avian_paramyxovirus_6,0,1,0
Negative_Mono-chu,Paramyxoviridae,Paramyxoviridae,NP_598406_Human_parainfluenza_virus_2,1,1,0
Negative_Mono-chu,Paramyxoviridae,Paramyxoviridae,NP_604442_Human_parainfluenza_virus_1,1,1,0
Negative_Mono-chu,Paramyxoviridae,Paramyxoviridae,NP_665871.1_Tioman_virus,1,1,0
Negative_Mono-chu,Paramyxoviridae,Paramyxoviridae,NP_899661_Fer-de-Lance_paramyxovirus,0,1,0
Negative_Mono-chu,Paramyxoviridae,Paramyxoviridae,NP_945030_Dolphin_morbillivirus,0,1,0
Negative_Mono-chu,Paramyxoviridae,Paramyxoviridae,Rayfin_XYHYC179963_Wenling_triplecross_lizardfish_paramyxovirus_16560bp,0,1,0
Negative_Mono-chu,Paramyxoviridae,Paramyxoviridae,UBB42298.1_RNA_Longquan_Niviventer_niviventer_jeilongvirus_1_RNA_Niviventer_niviventer_2199,0,1,0
Negative_Mono-chu,Paramyxoviridae,Paramyxoviridae,UBB42379.1_RNA_Jingmen_Miniopterus_schreibersii_paramyxovirus_2_RNA_Miniopterus_schreibersii_2174,0,1,0
Negative_Mono-chu,Paramyxoviridae,Paramyxoviridae,UMO78112.1_Bat_paramyxovirus_Hipposideros_armiger_2193,0,1,0
Negative_Mono-chu,Paramyxoviridae,Paramyxoviridae,UOL48917.1_RNA_Wufeng_Typhlomys_cinereus_jeilongvirus_1_RNA_Typhlomys_cinereus_2178,0,1,0
Negative_Mono-chu,Paramyxoviridae,Paramyxoviridae,UOL48963.1_RNA_Wufeng_Murina_leucogaster_paramyxovirus_1_RNA_Murina_leucogaster_2181,0,1,0
Negative_Mono-chu,Paramyxoviridae,Paramyxoviridae,UQM99547.1_RNA_Gierle_apodemus_virus_RNA_Apodemus_sylvaticus_2193,0,1,0
Negative_Mono-chu,Paramyxoviridae,Paramyxoviridae,YP_001249278_Mapuera_virus,0,1,0
Negative_Mono-chu,Paramyxoviridae,Paramyxoviridae,YP_006347589_Nariva_virus,0,1,0
Negative_Mono-chu,Paramyxoviridae,Paramyxoviridae,YP_007008152_Avian_paramyxovirus_4,0,1,0
Negative_Mono-chu,Paramyxoviridae,Paramyxoviridae,YP_008378665_Human_parainfluenza_virus_4a,1,0,0
Negative_Mono-chu,Paramyxoviridae,Paramyxoviridae,YP_009094034.1_Sosuga_virus,1,1,0
Negative_Mono-chu,Paramyxoviridae,Paramyxoviridae,YP_010085024.1_Pohorje_myodes_paramyxovirus_1_2188,0,1,0
Negative_Mono-chu,Paramyxoviridae,Paramyxoviridae,YP_138510.1_Simian_rubulavirus,1,1,0
Negative_Mono-chu,Paramyxoviridae,Paramyxoviridae,YP_138518.1_Mammalian_rubulavirus_5,1,1,0
Negative_Mono-chu,Paramyxoviridae,Paramyxoviridae,YP_338085_J-virus,0,1,0
Negative_Mono-chu,Paramyxoviridae,Paramyxoviridae,YP_415514_Menangle_virus,1,1,0
Negative_Mono-chu,Pneumoviridae,Pneumoviridae,NP_056866_Human_respiratory_syncytial_virus,1,1,0
Negative_Mono-chu,Pneumoviridae,Pneumoviridae,YP_009513228.1_Avian_metapneumovirus,1,1,0
Negative_Mono-chu,Pneumoviridae,Pneumoviridae,YP_012613_Human_metapneumovirus,1,1,0
Negative_Mono-chu,Pneumoviridae,Pneumoviridae,YP_173335_Pneumonia_virus_of_mice,0,1,0
Negative_Mono-chu,Rhabdoviridae,Rhabdoviridae_Betarhabdovirinae,UQZ09616.1_morning_glory_varicosavirus_Ipomoea_purpurea_1968,0,0,1
Negative_Mono-chu,Rhabdoviridae,Rhabdoviridae_Betarhabdovirinae,YP_002308576_Lettuce_big-vein_associated_virus,0,0,1
Negative_Mono-chu,Rhabdoviridae,Rhabdoviridae_Betarhabdovirinae,YP_052849_Maize_fine_streak_virus,0,0,1
Negative_Mono-chu,Rhabdoviridae,Rhabdoviridae_Betarhabdovirinae,YP_001294929_Orchid_fleck_virus,0,0,1
Negative_Mono-chu,Rhabdoviridae,Rhabdoviridae_Betarhabdovirinae,NP_597914_Northern_cereal_mosaic_virus,0,0,1
Negative_Mono-chu,Rhabdoviridae,Rhabdoviridae_Betarhabdovirinae,UYE93361.1_Tomato_betanucleorhabdovirus_2_Solanum_villosum_2105,0,0,1
Negative_Mono-chu,Rhabdoviridae,Rhabdoviridae_Betarhabdovirinae,YP_006576506_Persimmon_virus_A,0,0,1
Negative_Mono-chu,Rhabdoviridae,Rhabdoviridae_Betarhabdovirinae,WHCCII12826_Mono-Chu_Wuhan_Insect_virus_4_KM817650,0,0,1
Negative_Mono-chu,Rhabdoviridae,Rhabdoviridae_Betarhabdovirinae,WHCCII13264_Mono-Chu_Wuhan_Insect_virus_5_KM817651,0,0,1
Negative_Mono-chu,Rhabdoviridae,Rhabdoviridae_Betarhabdovirinae,WHCCII13270_Mono-Chu_Wuhan_Insect_virus_6_KM817652,0,0,1
Negative_Mono-chu,Rhabdoviridae,Rhabdoviridae_Betarhabdovirinae,YP_010086794.1_Cabbage_cytorhabdovirus_1_2071,0,0,1
Negative_Mono-chu,Rhabdoviridae,Rhabdoviridae_Betarhabdovirinae,YP_010087157.1_Cytorhabdovirus_caricae_2113,0,0,1
Negative_Mono-chu,Rhabdoviridae,Rhabdoviridae_Betarhabdovirinae,YP_010087631.1_Cytorhabdovirus_fragariae_2086,0,0,1
Negative_Mono-chu,Rhabdoviridae,Rhabdoviridae_Betarhabdovirinae,YP_425092_Lettuce_necrotic_yellows_virus,0,0,1
Negative_Mono-chu,Rhabdoviridae,Rhabdoviridae_Betarhabdovirinae,NP_042286_Sonchus_yellow_net_virus,0,0,1
Negative_Mono-chu,Rhabdoviridae,Rhabdoviridae_Betarhabdovirinae,QJZ27984.1_Cardamom_vein_clearing_nucleorhabdovirus_1_Elettaria_cardamomum_2095,0,0,1
Negative_Mono-chu,Rhabdoviridae,Rhabdoviridae_Betarhabdovirinae,YP_009825050.1_Bird_s-foot_trefoil_nucleorhabdovirus_2104,0,0,1
Negative_Mono-chu,Rhabdoviridae,Rhabdoviridae_Betarhabdovirinae,NP_620502_Rice_yellow_stunt_virus,0,0,1
Negative_Mono-chu,Rhabdoviridae,Rhabdoviridae_Betarhabdovirinae,YP_004927971_Potato_yellow_dwarf_virus,0,0,1
Negative_Mono-chu,Rhabdoviridae,Rhabdoviridae_Betarhabdovirinae,YP_052855_Maize_mosaic_virus,0,0,1
Negative_Mono-chu,Rhabdoviridae,Rhabdoviridae_Betarhabdovirinae,AUD57853.1_Red_clover_varicosavirus_Trifolium_pratense_2018,0,0,1
Negative_Mono-chu,Rhabdoviridae,Rhabdoviridae_Alpharhabdovirinae,NP_041716_Vesicular_stomatitis_Indiana_virus,1,1,0
Negative_Mono-chu,Rhabdoviridae,Rhabdoviridae_Alpharhabdovirinae,NP_056797.1_Rabies_lyssavirus,1,1,0
Negative_Mono-chu,Rhabdoviridae,Rhabdoviridae_Alpharhabdovirinae,NP_056797_Rabies_virus,1,1,0
Negative_Mono-chu,Rhabdoviridae,Rhabdoviridae_Alpharhabdovirinae,NP_065409_Bovine_ephemeral_fever_virus,0,1,0
Negative_Mono-chu,Rhabdoviridae,Rhabdoviridae_Alpharhabdovirinae,NP_478343_Australian_bat_lyssavirus,1,1,0
Negative_Mono-chu,Rhabdoviridae,Rhabdoviridae_Alpharhabdovirinae,QCF24331.1_Frog_lyssa-like_virus_1_Dryophytes_cinereus_2147,0,1,0
Negative_Mono-chu,Rhabdoviridae,Rhabdoviridae_Alpharhabdovirinae,UBB42398.1_Longquan_Rhinolophus_sinicus_vesiculovirus_1_Rhinolophus_sinicus_2104,0,1,0
Negative_Mono-chu,Rhabdoviridae,Rhabdoviridae_Alpharhabdovirinae,UOX72934.1_Wufeng_Myotis_altarium_vesiculovirus_1_Myotis_altarium_2098,0,1,0
Negative_Mono-chu,Rhabdoviridae,Rhabdoviridae_Alpharhabdovirinae,YP_001285392_European_bat_lyssavirus_1,1,1,0
Negative_Mono-chu,Rhabdoviridae,Rhabdoviridae_Alpharhabdovirinae,YP_001285397.1_European_bat_2_lyssavirus,1,1,0
Negative_Mono-chu,Rhabdoviridae,Rhabdoviridae_Alpharhabdovirinae,YP_006200965_Obodhiang_virus,0,1,0
Negative_Mono-chu,Rhabdoviridae,Rhabdoviridae_Alpharhabdovirinae,YP_006202628_Kotonkan_virus,0,1,0
Negative_Mono-chu,Rhabdoviridae,Rhabdoviridae_Alpharhabdovirinae,YP_007641376_Tibrogargan_virus,0,1,0
Negative_Mono-chu,Rhabdoviridae,Rhabdoviridae_Alpharhabdovirinae,YP_007641381.1_Chandipura_virus,1,1,0
Negative_Mono-chu,Rhabdoviridae,Rhabdoviridae_Alpharhabdovirinae,YP_007641386_Isfahan_virus,1,1,0
Negative_Mono-chu,Rhabdoviridae,Rhabdoviridae_Alpharhabdovirinae,YP_007641391_Lagos_bat_virus,0,1,0
Negative_Mono-chu,Rhabdoviridae,Rhabdoviridae_Alpharhabdovirinae,YP_007641401.1_Irkut_lyssavirus,1,1,0
Negative_Mono-chu,Rhabdoviridae,Rhabdoviridae_Alpharhabdovirinae,YP_007641406.1_Duvenhage_lyssavirus,1,1,0
Negative_Mono-chu,Rhabdoviridae,Rhabdoviridae_Alpharhabdovirinae,YP_008686607_Eel_virus_European_X,0,1,0
Negative_Mono-chu,Rhabdoviridae,Rhabdoviridae_Alpharhabdovirinae,YP_009047085.1_Vesicular_stomatitis_New_Jersey_virus,1,1,0
Negative_Mono-chu,Rhabdoviridae,Rhabdoviridae_Alpharhabdovirinae,YP_009091830.1_Maraba_virus,1,1,0
Negative_Mono-chu,Rhabdoviridae,Rhabdoviridae_Alpharhabdovirinae,YP_009094101.1_Vesicular_stomatitis_Alagoas_virus,1,1,0
Negative_Mono-chu,Rhabdoviridae,Rhabdoviridae_Alpharhabdovirinae,YP_009177651.1_Cocal_virus,1,1,0
Negative_Mono-chu,Rhabdoviridae,Rhabdoviridae_Alpharhabdovirinae,YP_009505511.1_Ekpoma_virus_1,1,0,0
Negative_Mono-chu,Rhabdoviridae,Rhabdoviridae_Alpharhabdovirinae,YP_009505519.1_Ekpoma_virus_2,1,0,0
Negative_Mono-chu,Rhabdoviridae,Rhabdoviridae_Alpharhabdovirinae,YP_009505536.1_Piry_virus,1,1,0
Negative_Mono-chu,Rhabdoviridae,Rhabdoviridae_Alpharhabdovirinae,YP_009664719.1_Bas-Congo_tibrovirus,1,0,0
Negative_Mono-chu,Rhabdoviridae,Rhabdoviridae_Alpharhabdovirinae,YP_142354.1_Mokola_lyssavirus,1,1,0
Negative_Mono-chu,Rhabdoviridae,Rhabdoviridae_Alpharhabdovirinae,YP_802942_Siniperca_chuatsi_rhabdovirus,0,1,0
Negative_Mono-chu,Rhabdoviridae,Rhabdoviridae_Alpharhabdovirinae,CC64168_Mono-Chu_Wuhan_Louse_Fly_Virus_11_KM817658,0,1,0
Negative_Orthomyxo,Orthomyxoviridae,Influenzavirus,ACF33769_Influenza_A_virus_H3N8_bird,0,1,0
Negative_Orthomyxo,Orthomyxoviridae,Influenzavirus,AGS48810_Influenza_D_virus,1,1,0
Negative_Orthomyxo,Orthomyxoviridae,Influenzavirus,Amphibia_WHHM46916_Wuhan_asiatic_toad_influenza_virus_PB1_2337bp,0,1,0
Negative_Orthomyxo,Orthomyxoviridae,Influenzavirus,Jawless_DHMMS23081_Wenling_hagfish_influenza_virus_PB1_2230bp,0,1,0
Negative_Orthomyxo,Orthomyxoviridae,Influenzavirus,NP_056657_Influenza_B_virus,1,1,0
Negative_Orthomyxo,Orthomyxoviridae,Influenzavirus,Rayfin_WHQSR4065_Wuhan_spiny_eel_influenza_virus_PB1_2332bp,0,1,0
Negative_Orthomyxo,Orthomyxoviridae,Influenzavirus,YP_089653_Influenza_C_virus,1,1,0
Negative_Orthomyxo,Orthomyxoviridae,Influenzavirus,YP_308847.1_Influenza_A_virus_A_New_York_392_2004H3N2,1,1,0
Negative_Orthomyxo,Orthomyxoviridae,Thogotovirus,AAA42968_Dhori_virus,1,1,0
Negative_Orthomyxo,Orthomyxoviridae,Thogotovirus,AAC25959_Thogoto_virus,1,1,0
Negative_Orthomyxo,Orthomyxoviridae,Thogotovirus,AED98371_Jos_virus,0,1,0
Negative_Orthomyxo,Orthomyxoviridae,Thogotovirus,SCM51211_Hubei_orthomyxo-like_virus_4,0,1,0
Negative_Orthomyxo,Orthomyxoviridae,Thogotovirus,ZCM21154_Hubei_orthoptera_virus_6_PB1,0,1,0
Nido,Arteriviridae,Arteriviridae,NC_001639_Lactate_dehydrogenase-elevating_virus,0,1,0
Nido,Arteriviridae,Arteriviridae,NC_001961_PRRSV,0,1,0
Nido,Arteriviridae,Arteriviridae,NC_002532_Equine_arteritis_virus,1,1,0
Nido,Arteriviridae,Arteriviridae,NC_003092_Simian_hemorrhagic_fever_virus,0,1,0
Nido,Arteriviridae,Arteriviridae,NC_025113_Southwest_baboon_virus_1,0,1,0
Nido,Arteriviridae,Arteriviridae,NC_026439_African_pouched_rat_arterivirus,0,1,0
Nido,Arteriviridae,Arteriviridae,NC_026509_De_Brazzas_monkey_arterivirus,0,1,0
Nido,Arteriviridae,Arteriviridae,Cartilaginous_NHYJS6157_Nanhai_ghost_shark_arterivirus_13162bp,0,1,0
Nido,Arteriviridae,Arteriviridae,Reptile_LPSG2430_Guangdong_greater_green_snake_arterivirus_18410bp,0,1,0
Nido,Arteriviridae,Arteriviridae,QYL35070.1_Lopma_virus_Lophuromys_machangui_3485,0,1,0
Nido,Coronaviridae,Coronaviridae,NC_001451_Avian_infectious_bronchitis_virus,0,1,0
Nido,Coronaviridae,Coronaviridae,NC_002306_Feline_infectious_peritonitis_virus,0,1,0
Nido,Coronaviridae,Coronaviridae,NC_003436_Porcine_epidemic_diarrhea_virus,0,1,0
Nido,Coronaviridae,Coronaviridae,NC_004718_SARS_coronavirus,1,1,0
Nido,Coronaviridae,Coronaviridae,NC_005831_Human_coronavirus_NL63,1,0,0
Nido,Coronaviridae,Coronaviridae,NC_006577_Human_coronavirus_HKU1,1,0,0
Nido,Coronaviridae,Coronaviridae,NC_010438_Bat_coronavirus_HKU8,0,1,0
Nido,Coronaviridae,Coronaviridae,NC_010646_Beluga_Whale_coronavirus_SW1,0,1,0
Nido,Coronaviridae,Coronaviridae,NC_016992_Sparrow_coronavirus_HKU17,0,1,0
Nido,Coronaviridae,Coronaviridae,NC_016995_Wigeon_coronavirus_HKU20,0,1,0
Nido,Coronaviridae,Coronaviridae,NC_019843_Middle_East_respiratory_syndrome_coronavirus,1,1,0
Nido,Coronaviridae,Coronaviridae,Amphibia_GECV01031551_Microhyla_fissipes,0,1,0
Nido,Coronaviridae,Coronaviridae,NP_073549_Human_coronavirus_229E,1,0,0
Nido,Coronaviridae,Coronaviridae,Reptile_ZGLXR118981_Guangdong_chinese_water_skink_coronavirus_22445bp,0,1,0
Nido,Coronaviridae,Coronaviridae,UVF62111.1_Bat_faecal_coronavirus_Pteropus_poliocephalus_6879,0,1,0
Nido,Coronaviridae,Coronaviridae,YP_009755832.1_Rodent_coronavirus_7128,0,1,0
Nido,Coronaviridae,Coronaviridae,YP_009755838.1_Shrew_coronavirus_6381,0,1,0
Nido,Coronaviridae,Coronaviridae,YP_009755889.1_Alphacoronavirus_Bat-CoV/P.kuhlii/Italy/3398-19/2015_6631,0,1,0
Nido,Coronaviridae,Coronaviridae,YP_009755895.1_Canada_goose_coronavirus_6510,0,1,0
Partiti-Picobirna,,Partiti-Picobirna,DAZ90983.1_Alloteropsis_angusta_amalgavirus_1_Alloteropsis_angusta_1052,0,0,1
Partiti-Picobirna,,Partiti-Picobirna,DAZ90989.1_Amaranthus_tuberculatus_amalgavirus_1_Amaranthus_tuberculatus_1049,0,0,1
Partiti-Picobirna,,Partiti-Picobirna,DAZ90991.1_Amaranthus_tuberculatus_amalgavirus_2_Amaranthus_tuberculatus_1059,0,0,1
Partiti-Picobirna,,Partiti-Picobirna,DAZ90995.1_Bletilla_striata_amalgavirus_1_Bletilla_striata_1055,0,0,1
Partiti-Picobirna,,Partiti-Picobirna,DAZ91017.1_Gloriosa_superba_amalgavirus_1_Gloriosa_superba_1024,0,0,1
Partiti-Picobirna,,Partiti-Picobirna,DAZ91019.1_Hevea_brasiliensis_amalgavirus_1_Hevea_brasiliensis_1072,0,0,1
Partiti-Picobirna,,Partiti-Picobirna,DAZ91023.1_Myosoton_aquaticum_amalgavirus_1_Myosoton_aquaticum_1055,0,0,1
Partiti-Picobirna,,Partiti-Picobirna,DAZ91031.1_Melilotus_officinalis_amalgavirus_1_Melilotus_officinalis_1057,0,0,1
Partiti-Picobirna,,Partiti-Picobirna,DAZ91033.1_Melampyrum_roseum_amalgavirus_1_Melampyrum_roseum_1062,0,0,1
Partiti-Picobirna,,Partiti-Picobirna,DAZ91037.1_Papaver_atlanticum_amalgavirus_1_Papaver_atlanticum_1055,0,0,1
Partiti-Picobirna,,Partiti-Picobirna,DAZ91051.1_Rhyncholacis_penicillata_amalgavirus_1_1064,0,0,1
Partiti-Picobirna,,Partiti-Picobirna,DAZ91053.1_Rhodiola_rosea_amalgavirus_1_Rhodiola_rosea_1092,0,0,1
Partiti-Picobirna,,Partiti-Picobirna,DAZ91055.1_Swertia_japonica_amalgavirus_1_Swertia_japonica_1057,0,0,1
Partiti-Picobirna,,Partiti-Picobirna,DAZ91061.1_Stevia_rebaudiana_amalgavirus_1_Stevia_rebaudiana_1049,0,0,1
Partiti-Picobirna,,Partiti-Picobirna,QBC66123.1_Cucumis_melo_amalgavirus_1_Cucumis_melo_1049,0,0,1
Partiti-Picobirna,,Partiti-Picobirna,QKI28961.1_Kummerowia_striata_partitivirus_Kummerowia_striata_622,0,0,1
Partiti-Picobirna,,Partiti-Picobirna,UTQ50833.1_Tomato_associated_partiti-like_virus_1_Solanum_lycopersicum_488,0,0,1
Partiti-Picobirna,,Partiti-Picobirna,UWM23169.1_Mallotus_japonicus_virus_B_Mallotus_japonicus_1070,0,0,1
Partiti-Picobirna,,Partiti-Picobirna,UWU44405.1_Gymnadenia_amalgavirus_2_Gymnadenia_rhellicani_1057,0,0,1
Partiti-Picobirna,,Partiti-Picobirna,YP_009388304.1_Spinach_amalgavirus_1_1053,0,0,1
Partiti-Picobirna,Partitiviridae,Partitiviridae,YP_002308574_Beet_cryptic_virus_1,0,0,1
Partiti-Picobirna,Partitiviridae,Partitiviridae,YP_003104768_Primula_malacoides_virus_China-Mar2007,0,0,1
Partiti-Picobirna,Partitiviridae,Partitiviridae,YP_007889821_White_clover_cryptic_virus_2,0,0,1
Partiti-Picobirna,Partitiviridae,Partitiviridae,YP_009293586.1_Cannabis_cryptic_virus_746,0,0,1
Partiti-Picobirna,Partitiviridae,Partitiviridae,YP_086754_White_clover_cryptic_virus_1,0,0,1
Partiti-Picobirna,Partitiviridae,Partitiviridae,YP_656506_CJLX6222_Raphanus_sativus_cryptic_virus_1,0,0,1
Partiti-Picobirna,Partitiviridae,Partitiviridae_Deltapartitivirus,DAZ87288.1_Arceuthobium_sichuanense_virus_5_Arceuthobium_sichuanense_482,0,0,1
Partiti-Picobirna,Partitiviridae,Partitiviridae_Deltapartitivirus,QCM38725_Hubei_partiti-like_virus_58,0,0,1
Partiti-Picobirna,Partitiviridae,Partitiviridae_Deltapartitivirus,QED42871.1_ORF1_Dactylorhiza_cryptic_virus_1_ORF1_Dactylorhiza_incarnata_472,0,0,1
Partiti-Picobirna,Partitiviridae,Partitiviridae_Deltapartitivirus,QED42872.1_ORF1_Dactylorhiza_cryptic_virus_2_ORF1_Dactylorhiza_incarnata_482,0,0,1
Partiti-Picobirna,Partitiviridae,Partitiviridae_Deltapartitivirus,QED42888.1_ORF1_Rhodiola_cryptic_virus_2_ORF1_Rhodiola_rosea_477,0,0,1
Partiti-Picobirna,Partitiviridae,Partitiviridae_Deltapartitivirus,UQZ09562.1_Freshwater_macrophyte_associated_partiti-like_virus_2_478,0,0,1
Partiti-Picobirna,Partitiviridae,Partitiviridae_Deltapartitivirus,UTH79014.1_Vitis_cryptic_virus_478,0,0,1
Partiti-Picobirna,Partitiviridae,Partitiviridae_Deltapartitivirus,UTQ50850.1_Plant_associated_deltapartitivirus_3_476,0,0,1
Partiti-Picobirna,Partitiviridae,Partitiviridae_Deltapartitivirus,YP_001686783_Raphanus_sativus_cryptic_virus_2,0,0,1
Partiti-Picobirna,Partitiviridae,Partitiviridae_Deltapartitivirus,YP_001686786_Rose_cryptic_virus_1,0,0,1
Partiti-Picobirna,Partitiviridae,Partitiviridae_Deltapartitivirus,YP_002364401_Raphanus_sativus_cryptic_virus_3,0,0,1
Partiti-Picobirna,Partitiviridae,Partitiviridae_Deltapartitivirus,YP_004429258_Fig_cryptic_virus,0,0,1
Partiti-Picobirna,Partitiviridae,Partitiviridae_Deltapartitivirus,YP_006390091_Persimmon_cryptic_virus,0,0,1
Partiti-Picobirna,Picobirnaviridae,Picobirnaviridae,AAG53583_human_picobirnavirus,0,1,0
Partiti-Picobirna,Picobirnaviridae,Picobirnaviridae,AAG53584_human_picobirnavirus,0,1,0
Partiti-Picobirna,Picobirnaviridae,Picobirnaviridae,ACT64131_Picobirnavirus_bovine-RUBV-P-IND-2005,0,1,0
Partiti-Picobirna,Picobirnaviridae,Picobirnaviridae,AFJ79071_Otarine_picobirnavirus,0,1,0
Partiti-Picobirna,Picobirnaviridae,Picobirnaviridae,AGK45545_Fox_picobirnavirus,0,1,0
Partiti-Picobirna,Picobirnaviridae,Picobirnaviridae,AHI59999_Porcine_picobirnavirus,0,1,0
Partiti-Picobirna,Picobirnaviridae,Picobirnaviridae,AHX00958_Human_picobirnavirus,0,1,0
Partiti-Picobirna,Picobirnaviridae,Picobirnaviridae,AHX00960_Human_picobirnavirus,0,1,0
Partiti-Picobirna,Picobirnaviridae,Picobirnaviridae,AHZ46150_Picobirnavirus_TK-MN-2011,0,1,0
Partiti-Picobirna,Picobirnaviridae,Picobirnaviridae,AIB06801_Fox_fecal_picobirnavirus,0,1,0
Partiti-Picobirna,Picobirnaviridae,Picobirnaviridae,AIY31285_Dromedary_picobirnavirus,0,1,0
Partiti-Picobirna,Picobirnaviridae,Picobirnaviridae,AIY31286_Dromedary_picobirnavirus,0,1,0
Partiti-Picobirna,Picobirnaviridae,Picobirnaviridae,AIY31288_Dromedary_picobirnavirus,0,1,0
Partiti-Picobirna,Picobirnaviridae,Picobirnaviridae,ATY68946.1_Simian_picobirnavirus_Simiiformes_534,0,1,0
Partiti-Picobirna,Picobirnaviridae,Picobirnaviridae,AVX29475.1_Marmot_picobirnavirus_Marmota_himalayana_531,0,1,0
Partiti-Picobirna,Picobirnaviridae,Picobirnaviridae,BAJ53287_Human_picobirnavirus,0,1,0
Partiti-Picobirna,Picobirnaviridae,Picobirnaviridae,BAJ53289_Human_picobirnavirus,0,1,0
Partiti-Picobirna,Picobirnaviridae,Picobirnaviridae,BAJ53290_Human_picobirnavirus,0,1,0
Partiti-Picobirna,Picobirnaviridae,Picobirnaviridae,BAJ53293_Human_picobirnavirus,0,1,0
Partiti-Picobirna,Picobirnaviridae,Picobirnaviridae,BAJ53294_Human_picobirnavirus,0,1,0
Partiti-Picobirna,Picobirnaviridae,Picobirnaviridae,BAN58175_Picobirnavirus_cow-tottori7944-Jap-2013,0,1,0
Partiti-Picobirna,Picobirnaviridae,Picobirnaviridae,JMYJCC46554_Jingmen_picobirna-like_virus_1,0,1,0
Partiti-Picobirna,Picobirnaviridae,Picobirnaviridae,QIR30725.1_Chicken_picobirnavirus_Gallus_gallus_561,0,1,0
Partiti-Picobirna,Picobirnaviridae,Picobirnaviridae,WGML128211_Hubei_picobirna-like_virus_3_Mito_coding,0,1,0
Partiti-Picobirna,Picobirnaviridae,Picobirnaviridae,WHBL66087_Hubei_picobirna-like_virus_4,0,1,0
Partiti-Picobirna,Picobirnaviridae,Picobirnaviridae,YP_239361_Human_picobirnavirus,0,1,0
Picorna-Calici,Caliciviridae,Caliciviridae,NP_056820_Norwalk_virus,1,0,0
Picorna-Calici,Caliciviridae,Caliciviridae,NP_062875_Rabbit_hemorrhagic_disease_virus,0,1,0
Picorna-Calici,Caliciviridae,Caliciviridae,NP_663315_Calicivirus_strain_NB,0,1,0
Picorna-Calici,Caliciviridae,Caliciviridae,YP_002905325_Calicivirus_pig-AB90-CAN,0,1,0
Picorna-Calici,Caliciviridae,Caliciviridae,YP_009026987_Atlantic_salmon_calicivirus,0,1,0
Picorna-Calici,Caliciviridae,Caliciviridae,YP_009028574_Goose_calicivirus,0,1,0
Picorna-Calici,Caliciviridae,Caliciviridae,YP_022762_Sapovirus_Mc10,1,0,0
Picorna-Calici,Caliciviridae,Caliciviridae,YP_720001_Murine_norovirus_1,0,1,0
Picorna-Calici,Caliciviridae,Caliciviridae,YP_873922_Rabbit_vesivirus,0,1,0
Picorna-Calici,Picornaviridae,Picornaviridae,NP_040958_Enterovirus_B,1,1,0
Picorna-Calici,Picornaviridae,Picornaviridae,NP_041008_Hepatitis_A_virus,1,1,0
Picorna-Calici,Picornaviridae,Picornaviridae,NP_042288_Rhinovirus_A,1,0,0
Picorna-Calici,Picornaviridae,Picornaviridae,NP_046804_Human_parechovirus,1,1,0
Picorna-Calici,Picornaviridae,Picornaviridae,NP_653143_Porcine_teschovirus,0,1,0
Picorna-Calici,Picornaviridae,Picornaviridae,NP_653151_Avian_encephalomyelitis_virus,0,1,0
Picorna-Calici,Picornaviridae,Picornaviridae,NP_658990_Foot-and-mouth_disease_virus_type_O,1,1,0
Picorna-Calici,Picornaviridae,Picornaviridae,NP_740257_Bovine_kobuvirus,1,1,0
Picorna-Calici,Picornaviridae,Picornaviridae,NP_758809_Simian_sapelovirus_1,0,1,0
Picorna-Calici,Picornaviridae,Picornaviridae,WZSBei69573_Wenzhou_picorna-like_virus_43,0,1,0
Picorna-Calici,Picornaviridae,Picornaviridae,YP_001210296_Saffold_virus,1,1,0
Picorna-Calici,Picornaviridae,Picornaviridae,YP_001497152_Seal_picornavirus_type_1,0,1,0
Picorna-Calici,Picornaviridae,Picornaviridae,YP_002956074_Cosavirus_A,1,0,0
Picorna-Calici,Picornaviridae,Picornaviridae,YP_003065643_Salivirus_A,1,0,0
Picorna-Calici,Picornaviridae,Picornaviridae,YP_003853286_Turdivirus_2,0,1,0
Picorna-Calici,Picornaviridae,Picornaviridae,YP_004564600_Pigeon_picornavirus_B,0,1,0
Picorna-Calici,Picornaviridae,Picornaviridae,YP_004782528_Bat_picornavirus_1,0,1,0
Picorna-Calici,Picornaviridae,Picornaviridae,YP_006543639_Swine_pasivirus_1,0,1,0
Picorna-Calici,Picornaviridae,Picornaviridae,YP_006576515_Turkey_gallivirus,0,1,0
Picorna-Calici,Picornaviridae,Picornaviridae,YP_006607894_Bluegill_picornavirus,0,1,0
Picorna-Calici,Picornaviridae,Picornaviridae,YP_007947990_Duck_hepatitis_A_virus_1,0,1,0
Picorna-Calici,Picornaviridae,Picornaviridae,YP_007974220_Turkey_hepatitis_virus_2993D,0,1,0
Picorna-Calici,Picornaviridae,Picornaviridae,YP_008083730_Sebokele_virus_1,0,1,0
Picorna-Calici,Picornaviridae,Picornaviridae,YP_008531322_eel_picornavirus_1,0,1,0
Picorna-Calici,Picornaviridae,Picornaviridae,YP_008992026_Carp_picornavirus_1,0,1,0
Picorna-Calici,Picornaviridae,Picornaviridae,YP_009026377_Duck_picornavirus_GL12,0,1,0
Picorna-Calici,Picornaviridae,Picornaviridae,YP_009026385_Tortoise_Rafivirus_A,0,1,0
Picorna-Calici,Secoviridae,Secoviridae,NP_042507_Rice_tungro_spherical_virus,0,0,1
Picorna-Calici,Secoviridae,Secoviridae,NP_612604_Blackcurrant_reversion_virus,0,0,1
Picorna-Calici,Secoviridae,Secoviridae,NP_619518_Cowpea_severe_mosaic_virus,0,0,1
Picorna-Calici,Secoviridae,Secoviridae,NP_619734_Parsnip_yellow_fleck_virus,0,0,1
Picorna-Calici,Secoviridae,Secoviridae,NP_620468_Red_clover_mottle_virus,0,0,1
Picorna-Calici,Secoviridae,Secoviridae,NP_620566_Satsuma_dwarf_virus,0,0,1
Picorna-Calici,Secoviridae,Secoviridae,NP_620619_Cycas_necrotic_stunt_virus,0,0,1
Picorna-Calici,Secoviridae,Secoviridae,NP_620765_Tomato_ringspot_virus,0,0,1
Picorna-Calici,Secoviridae,Secoviridae,NP_919040_Tobacco_ringspot_virus,0,0,1
Picorna-Calici,Secoviridae,Secoviridae,NP_944487_Raspberry_ringspot_virus,0,0,1
Picorna-Calici,Secoviridae,Secoviridae,NP_945134_Broad_bean_wilt_virus_1,0,0,1
Picorna-Calici,Secoviridae,Secoviridae,YP_001976147_Tomato_marchitez_virus,0,0,1
Picorna-Calici,Secoviridae,Secoviridae,YP_004936170_Chocolate_lily_virus_A,0,0,1
Picorna-Calici,Secoviridae,Secoviridae,YP_007697622_Arracacha_virus_B,0,0,1
Picorna-Calici,Secoviridae,Secoviridae,YP_008877634_Lamium_mild_mosaic_virus,0,0,1
Picorna-Calici,Secoviridae,Secoviridae,YP_053925_Arabis_mosaic_virus,0,0,1
Picorna-Calici,Secoviridae,Secoviridae,YP_081444_Cherry_rasp_leaf_virus,0,0,1
Picorna-Calici,Secoviridae,Secoviridae,YP_227367_Strawberry_latent_ringspot_virus,0,0,1
Picorna-Calici,Secoviridae,Secoviridae,YP_654555_Black_raspberry_necrosis_virus,0,0,1
Reo,Spinareoviridae,Aquareovirus,NP_938061_Aquareovirus_C,0,1,0
Reo,Spinareoviridae,Aquareovirus,YP_001837095_American_grass_carp_reovirus,0,1,0
Reo,Spinareoviridae,Aquareovirus,YP_398630_Aquareovirus_A,0,1,0
Reo,Spinareoviridae,Coltivirus,NP_620280_Eyach_virus,1,1,0
Reo,Spinareoviridae,Coltivirus,NP_690891_Colorado_tick_fever_virus,1,1,0
Reo,Spinareoviridae,Fijivirus,NP_619776_Nilaparvata_lugens_reovirus,0,0,1
Reo,Spinareoviridae,Fijivirus,NP_620452_Rice_black_streaked_dwarf_virus,0,0,1
Reo,Spinareoviridae,Fijivirus,YP_004021936_Southern_rice_black-streaked_dwarf_virus,0,0,1
Reo,Spinareoviridae,Fijivirus,YP_249762_Fiji_disease_virus,0,0,1
Reo,Spinareoviridae,Fijivirus,YP_956848_Mal_de_Rio_Cuarto_virus,0,0,1
Reo,Sedoreoviridae,Orbivirus,ADZ96219.1_Tribec_virus__1284,1,1,0
Reo,Sedoreoviridae,Orbivirus,QIQ51173.1_Letea_virus_Natrix_natrix_1284,0,1,0
Reo,Sedoreoviridae,Orbivirus,WCJ14480.1_Kaptombes_virus_Bos_taurus_1321,0,1,0
Reo,Sedoreoviridae,Orbivirus,YP_002925132_Stretch_Lagoon_orbivirus,0,1,0
Reo,Sedoreoviridae,Orbivirus,YP_003240108_Epizootic_hemorrhagic_disease_virus,0,1,0
Reo,Sedoreoviridae,Orbivirus,YP_003896058_Great_Island_virus,1,1,0
Reo,Sedoreoviridae,Orbivirus,YP_008658416_Wallal_virus,0,1,0
Reo,Sedoreoviridae,Orbivirus,YP_008719912_Mobuck_virus,0,1,0
Reo,Sedoreoviridae,Orbivirus,YP_008719926_Changuinola_virus,0,1,0
Reo,Sedoreoviridae,Orbivirus,YP_009507680.1_Corriparta_virus,1,1,0
Reo,Sedoreoviridae,Orbivirus,YP_009507707.1_Lebombo_virus,1,1,0
Reo,Sedoreoviridae,Orbivirus,YP_009507718.1_Orungo_virus,1,1,0
Reo,Sedoreoviridae,Orbivirus,YP_052935_Palyam_virus,0,1,0
Reo,Sedoreoviridae,Orbivirus,YP_052966_African_horse_sickness_virus,0,1,0
Reo,Sedoreoviridae,Orbivirus,YP_052968_Bluetongue_virus,0,1,0
Reo,Sedoreoviridae,Orbivirus,YP_443925_Yunnan_orbivirus,0,1,0
Reo,Sedoreoviridae,Orbivirus,YP_460038_Peruvian_horse_sickness_virus,0,1,0
Reo,Spinareoviridae,Orthoreovirus,NP_694687_Mammalian_orthoreovirus_3,1,1,0
Reo,Spinareoviridae,Orthoreovirus,YP_003717773_Broome_virus,0,1,0
Reo,Spinareoviridae,Orthoreovirus,YP_004226522_Avian_orthoreovirus,0,1,0
Reo,Spinareoviridae,Orthoreovirus,YP_004769548_Baboon_orthoreovirus,0,1,0
Reo,Spinareoviridae,Orthoreovirus,YP_007507325_Melaka_orthoreovirus,1,1,0
Reo,Spinareoviridae,Oryzavirus,NP_620541_Rice_ragged_stunt_virus,0,0,1
Reo,Spinareoviridae,Oryzavirus,WHCCII11806_Hubei_reo-like_virus_5,0,0,1
Reo,Spinareoviridae,Oryzavirus,YP_003934919_Raspberry_latent_virus,0,0,1
Reo,Sedoreoviridae,Phytoreovirus,NP_620544_Rice_dwarf_virus,0,0,1
Reo,Sedoreoviridae,Phytoreovirus,YP_001111373_Rice_gall_dwarf_virus,0,0,1
Reo,Sedoreoviridae,Phytoreovirus,YP_002790884_Homalodisca_vitripennis_reovirus,0,0,1
Reo,,Reoviridae,Cartilaginous_RGYQSMGReov43318_Wenzhou_pacific_spadenose_shark_reovirus_1_3907bp,0,1,0
Reo,,Reoviridae,Rayfin_DHJQYS14691_Wenling_minipizza_batfish_reovirus_1_3839bp,0,1,0
Reo,Sedoreoviridae,Rotavirus,Cartilaginous_NHJSC29872_Nanhai_dogfish_shark_rotavirus_3552bp,0,1,0
Reo,Sedoreoviridae,Rotavirus,Rayfin_LXMC144087_Wenling_jack_mackerels_rotavirus_3294bp,0,1,0
Reo,Sedoreoviridae,Rotavirus,YP_002302227_Rotavirus_A,1,1,0
Reo,Sedoreoviridae,Rotavirus,YP_003896046_Rotavirus_D_chicken/05V0049/DEU/2005,0,1,0
Reo,Sedoreoviridae,Rotavirus,YP_008126843_Human_rotavirus_B,1,1,0
Reo,Sedoreoviridae,Rotavirus,YP_008136242_Rotavirus_G,0,1,0
Reo,Sedoreoviridae,Rotavirus,YP_008145313_Rotavirus_F,0,1,0
Reo,Sedoreoviridae,Rotavirus,YP_010086029.1_Rotavirus_J_1168,0,1,0
Reo,Sedoreoviridae,Rotavirus,YP_392464_Rotavirus_C,1,1,0
Reo,Sedoreoviridae,Rotavirus,YP_392490_Adult_diarrheal_rotavirus_strain_J19,0,1,0
Reo,Sedoreoviridae,Seadornavirus,ALR84811.1_Mangshi_virus_Culex_tritaeniorhynchus_1214,0,1,0
Reo,Sedoreoviridae,Seadornavirus,NP_694468_Kadipiro_virus,1,0,0
Reo,Sedoreoviridae,Seadornavirus,NP_694469_Banna_virus,1,1,0
Reo,Sedoreoviridae,Seadornavirus,YP_460026_Liao_ning_virus,0,1,0
Tombus-Noda,Tombusviridae,Tombusviridae,QKE44128.1_Forsythia_suspensa_tombusvirus_Forsythia_suspensa_474,0,0,1
Tombus-Noda,Tombusviridae,Tombusviridae,UTQ50976.1_Tomato_associated_tombus-like_virus_1_Solanum_lycopersicum_1115,0,0,1
Tombus-Noda,Tombusviridae,Tombusviridae_Calvusvirinae,CJLX30495_Changjiang_tombus-like_virus_3,0,0,1
Tombus-Noda,Tombusviridae,Tombusviridae_Calvusvirinae,umbra_NC_001726_Carrot_mottle_mimic_virus,0,0,1
Tombus-Noda,Tombusviridae,Tombusviridae_Calvusvirinae,umbra_NC_003603_Groundnut_rosette_virus,0,0,1
Tombus-Noda,Tombusviridae,Tombusviridae_Calvusvirinae,umbra_NC_003853_Pea_enation_mosaic_virus-2,0,0,1
Tombus-Noda,Tombusviridae,Tombusviridae_Calvusvirinae,umbra_NC_004366_Tobacco_bushy_top_virus,0,0,1
Tombus-Noda,Tombusviridae,Tombusviridae_Calvusvirinae,umbra_NC_011515_Carrot_mottle_virus,0,0,1
Tombus-Noda,Tombusviridae,Tombusviridae_Calvusvirinae,umbra_NC_024808_Ethiopian_tobacco_bushy_top_virus,0,0,1
Tombus-Noda,Tombusviridae,Tombusviridae_Procedovirinae,AGC04692.1_Cucurbit_carmovirus_Cucumis_melo_798,0,0,1
Tombus-Noda,Tombusviridae,Tombusviridae_Procedovirinae,AXP98766.1_Elderberry_aureusvirus_1_Sambucus_nigra_759,0,0,1
Tombus-Noda,Tombusviridae,Tombusviridae_Procedovirinae,luteo_NC_002160_Barley_yellow_dwarf_virus-PAS,0,0,1
Tombus-Noda,Tombusviridae,Tombusviridae_Procedovirinae,luteo_NC_003056_Soybean_dwarf_virus,0,0,1
Tombus-Noda,Tombusviridae,Tombusviridae_Procedovirinae,luteo_NC_003369_Bean_leafroll_virus,0,0,1
Tombus-Noda,Tombusviridae,Tombusviridae_Procedovirinae,luteo_NC_003680_Barley_yellow_dwarf_virus-MAV,0,0,1
Tombus-Noda,Tombusviridae,Tombusviridae_Procedovirinae,luteo_NC_010806_Rose_spring_dwarf-associated_virus,0,0,1
Tombus-Noda,Tombusviridae,Tombusviridae_Procedovirinae,QKE44131.1_Forsythia_suspensa_tombusvirus_Forsythia_suspensa_532,0,0,1
Tombus-Noda,Tombusviridae,Tombusviridae_Procedovirinae,QKI28846.1_Ginkgo_biloba_tombusvirus_Ginkgo_biloba_500,0,0,1
Tombus-Noda,Tombusviridae,Tombusviridae_Procedovirinae,QMQ39166.1_Sugarcane_umbra-like_virus_Saccharum_officinarum_708,0,0,1
Tombus-Noda,Tombusviridae,Tombusviridae_Procedovirinae,SCJXSX39078_Beihai_tombus-like_virus_1,0,0,1
Tombus-Noda,Tombusviridae,Tombusviridae_Procedovirinae,tombus_NC_001265_Carnation_mottle_virus,0,0,1
Tombus-Noda,Tombusviridae,Tombusviridae_Procedovirinae,tombus_NC_001469_Cucumber_necrosis_virus,0,0,1
Tombus-Noda,Tombusviridae,Tombusviridae_Procedovirinae,tombus_NC_001504_Melon_necrotic_spot_virus,0,0,1
Tombus-Noda,Tombusviridae,Tombusviridae_Procedovirinae,tombus_NC_001554_Tomato_bushy_stunt_virus,0,0,1
Tombus-Noda,Tombusviridae,Tombusviridae_Procedovirinae,tombus_NC_001777_Tobacco_necrosis_virus_A,0,0,1
Tombus-Noda,Tombusviridae,Tombusviridae_Procedovirinae,tombus_NC_001780_Saguaro_cactus_virus,0,0,1
Tombus-Noda,Tombusviridae,Tombusviridae_Procedovirinae,tombus_NC_001818_Galinsoga_mosaic_virus,0,0,1
Tombus-Noda,Tombusviridae,Tombusviridae_Procedovirinae,tombus_NC_001822_Leek_white_stripe_virus,0,0,1
Tombus-Noda,Tombusviridae,Tombusviridae_Procedovirinae,tombus_NC_002187_Japanese_iris_necrotic_ring_virus,0,0,1
Tombus-Noda,Tombusviridae,Tombusviridae_Procedovirinae,tombus_NC_002598_Panicum_mosaic_virus,0,0,1
Tombus-Noda,Tombusviridae,Tombusviridae_Procedovirinae,tombus_NC_003487_Tobacco_necrosis_virus_D,0,0,1
Tombus-Noda,Tombusviridae,Tombusviridae_Procedovirinae,tombus_NC_003500_Carnation_Italian_ringspot_virus,0,0,1
Tombus-Noda,Tombusviridae,Tombusviridae_Procedovirinae,tombus_NC_003532_Cymbidium_ringspot_virus,0,0,1
Tombus-Noda,Tombusviridae,Tombusviridae_Procedovirinae,tombus_NC_003535_Cowpea_mottle_virus,0,0,1
Tombus-Noda,Tombusviridae,Tombusviridae_Procedovirinae,tombus_NC_003608_Hibiscus_chlorotic_ringspot_virus,0,0,1
Tombus-Noda,Tombusviridae,Tombusviridae_Procedovirinae,tombus_NC_003627_Maize_chlorotic_mottle_virus,0,0,1
Tombus-Noda,Tombusviridae,Tombusviridae_Procedovirinae,tombus_NC_003633_Oat_chlorotic_stunt_virus,0,0,1
Tombus-Noda,Tombusviridae,Tombusviridae_Procedovirinae,tombus_NC_003821_Turnip_crinkle_virus,0,0,1
Tombus-Noda,Tombusviridae,Tombusviridae_Procedovirinae,tombus_NC_004452_Beet_black_scorch_virus,0,0,1
Tombus-Noda,Tombusviridae,Tombusviridae_Procedovirinae,tombus_NC_004725_Cucumber_Bulgarian_latent_virus,0,0,1
Tombus-Noda,Tombusviridae,Tombusviridae_Procedovirinae,tombus_NC_004995_Pea_stem_necrosis_virus,0,0,1
Tombus-Noda,Tombusviridae,Tombusviridae_Procedovirinae,tombus_NC_005985_Pelargonium_chlorotic_ring_pattern_virus,0,0,1
Tombus-Noda,Tombusviridae,Tombusviridae_Procedovirinae,tombus_NC_006939_Olive_mild_mosaic_virus,0,0,1
Tombus-Noda,Tombusviridae,Tombusviridae_Procedovirinae,tombus_NC_007017_Pelargonium_line_pattern_virus,0,0,1
Tombus-Noda,Tombusviridae,Tombusviridae_Procedovirinae,tombus_NC_007729_Maize_necrotic_streak_virus,0,0,1
Tombus-Noda,Tombusviridae,Tombusviridae_Procedovirinae,tombus_NC_007733_Angelonia_flower_break_virus,0,0,1
Tombus-Noda,Tombusviridae,Tombusviridae_Procedovirinae,tombus_NC_007816_Cucumber_leaf_spot_virus,0,0,1
Tombus-Noda,Tombusviridae,Tombusviridae_Procedovirinae,tombus_NC_009017_Nootka_lupine_vein-clearing_virus,0,0,1
Tombus-Noda,Tombusviridae,Tombusviridae_Procedovirinae,tombus_NC_009533_Maize_white_line_mosaic_virus,0,0,1
Tombus-Noda,Tombusviridae,Tombusviridae_Procedovirinae,tombus_NC_011108_Cocksfoot_mild_mosaic_virus,0,0,1
Tombus-Noda,Tombusviridae,Tombusviridae_Procedovirinae,tombus_NC_011643_Soybean_yellow_mottle_mosaic_virus,0,0,1
Tombus-Noda,Tombusviridae,Tombusviridae_Procedovirinae,tombus_NC_014967_Honeysuckle_ringspot_virus,0,0,1
Tombus-Noda,Tombusviridae,Tombusviridae_Procedovirinae,tombus_NC_015227_TGP_Carmovirus_1,0,0,1
Tombus-Noda,Tombusviridae,Tombusviridae_Procedovirinae,tombus_NC_020073_Moroccan_pepper_virus,0,0,1
Tombus-Noda,Tombusviridae,Tombusviridae_Procedovirinae,tombus_NC_020415_Rosa_rugosa_leaf_distortion_virus,0,0,1
Tombus-Noda,Tombusviridae,Tombusviridae_Procedovirinae,tombus_NC_022895_Yam_spherical_virus,0,0,1
Tombus-Noda,Tombusviridae,Tombusviridae_Procedovirinae,tombus_NC_026239_Elderberry_latent_virus,0,0,1
Tombus-Noda,Tombusviridae,Tombusviridae_Procedovirinae,tombus_NC_026240_Pelargonium_ringspot_virus,0,0,1
Tombus-Noda,Tombusviridae,Tombusviridae_Procedovirinae,UTQ50889.1_Plant_tombusvirus-like_associated_RNA_2_528,0,0,1
Tombus-Noda,Tombusviridae,Tombusviridae_Procedovirinae,UYS89841.1_Stellaria_aquatica_mottle_virus_Myosoton_aquaticum_764,0,0,1
Tombus-Noda,Tombusviridae,Tombusviridae_Procedovirinae,WCC58825.1_Hibiscus_betacarmovirus_Hibiscus_rosa-sinensis_746,0,0,1
Tombus-Noda,Tombusviridae,Tombusviridae_Procedovirinae,WHCCII13322_Wuhan_insect_virus_20,0,0,1
Tombus-Noda,Tombusviridae,Tombusviridae_Procedovirinae,WZFSL85189_Wenzhou_tombus-like_virus_6,0,0,1
Tombus-Noda,Tombusviridae,Tombusviridae_Regressovirinae,tombus_NC_003530_Carnation_ringspot_virus_RNA_1,0,0,1
Tombus-Noda,Tombusviridae,Tombusviridae_Regressovirinae,tombus_NC_003756_Red_clover_necrotic_mosaic_virus_RNA_1,0,0,1
Tombus-Noda,Tombusviridae,Tombusviridae_Regressovirinae,tombus_NC_003806_Sweet_clover_necrotic_mosaic_virus_RNA_1,0,0,1
