Cluster_sseqid,Cluster_taxon,Human,Vertebrates,Plant,Realm,Kingdom,Phylum,Subphylum,Class,Order,Suborder,Family,Subfamily,Genus,Species,,SuperGroup,Taxon_set
NP_938061_Aquareovirus_C,Aquareovirus,0,1,0,Riboviria,Orthornavirae,Duplornaviricota,,Resentoviricetes,Reovirales,,Spinareoviridae,,Aquareovirus,Aquareovirus C,,Reo,Riboviria|Orthornavirae|Duplornaviricota||Resentoviricetes|Reovirales||Spinareoviridae||Aquareovirus|Aquareovirus C
YP_001837095_American_grass_carp_reovirus,Aquareovirus,0,1,0,Riboviria,Orthornavirae,Duplornaviricota,,Resentoviricetes,Reovirales,,Spinareoviridae,,Aquareovirus,Aquareovirus G,,Reo,Riboviria|Orthornavirae|Duplornaviricota||Resentoviricetes|Reovirales||Spinareoviridae||Aquareovirus|Aquareovirus G
YP_398630_Aquareovirus_A,Aquareovirus,0,1,0,Riboviria,Orthornavirae,Duplornaviricota,,Resentoviricetes,Reovirales,,Spinareoviridae,,Aquareovirus,Aquareovirus A,,Reo,Riboviria|Orthornavirae|Duplornaviricota||Resentoviricetes|Reovirales||Spinareoviridae||Aquareovirus|Aquareovirus A
NP_620280_Eyach_virus,Coltivirus,1,1,0,Riboviria,Orthornavirae,Duplornaviricota,,Resentoviricetes,Reovirales,,Spinareoviridae,,Coltivirus,Eyach coltivirus,,Reo,Riboviria|Orthornavirae|Duplornaviricota||Resentoviricetes|Reovirales||Spinareoviridae||Coltivirus|Eyach coltivirus
NP_690891_Colorado_tick_fever_virus,Coltivirus,1,1,0,Riboviria,Orthornavirae,Duplornaviricota,,Resentoviricetes,Reovirales,,Spinareoviridae,,Coltivirus,Colorado tick fever coltivirus,,Reo,Riboviria|Orthornavirae|Duplornaviricota||Resentoviricetes|Reovirales||Spinareoviridae||Coltivirus|Colorado tick fever coltivirus
AHJ14783_Orgyia_pseudotsugata_cypovirus_5,Cypovirus,0,0,0,Riboviria,Orthornavirae,Duplornaviricota,,Resentoviricetes,Reovirales,,Spinareoviridae,,Cypovirus,,,Reo,Riboviria|Orthornavirae|Duplornaviricota||Resentoviricetes|Reovirales||Spinareoviridae||Cypovirus|
ALL27236_Bombyx_mori_cypovirus_1,Cypovirus,0,0,0,Riboviria,Orthornavirae,Duplornaviricota,,Resentoviricetes,Reovirales,,Spinareoviridae,,Cypovirus,,,Reo,Riboviria|Orthornavirae|Duplornaviricota||Resentoviricetes|Reovirales||Spinareoviridae||Cypovirus|
LCM141729_Hubei_lepidoptera_virus_3_RdRp,Cypovirus,0,0,0,Riboviria,Orthornavirae,Duplornaviricota,,Resentoviricetes,Reovirales,,Spinareoviridae,,Cypovirus,,,Reo,Riboviria|Orthornavirae|Duplornaviricota||Resentoviricetes|Reovirales||Spinareoviridae||Cypovirus|
mosHB236127_Hubei_reo-like_virus_8,Cypovirus,0,0,0,Riboviria,Orthornavirae,Duplornaviricota,,Resentoviricetes,Reovirales,,Spinareoviridae,,Cypovirus,,,Reo,Riboviria|Orthornavirae|Duplornaviricota||Resentoviricetes|Reovirales||Spinareoviridae||Cypovirus|
NP_149135_Cypovirus_14,Cypovirus,0,0,0,Riboviria,Orthornavirae,Duplornaviricota,,Resentoviricetes,Reovirales,,Spinareoviridae,,Cypovirus,Cypovirus 14,,Reo,Riboviria|Orthornavirae|Duplornaviricota||Resentoviricetes|Reovirales||Spinareoviridae||Cypovirus|Cypovirus 14
NP_149147_Cypovirus_1,Cypovirus,0,0,0,Riboviria,Orthornavirae,Duplornaviricota,,Resentoviricetes,Reovirales,,Spinareoviridae,,Cypovirus,Cypovirus 1,,Reo,Riboviria|Orthornavirae|Duplornaviricota||Resentoviricetes|Reovirales||Spinareoviridae||Cypovirus|Cypovirus 1
QTM27922_Hubei_reo-like_virus_9,Cypovirus,0,0,0,Riboviria,Orthornavirae,Duplornaviricota,,Resentoviricetes,Reovirales,,Spinareoviridae,,Cypovirus,,,Reo,Riboviria|Orthornavirae|Duplornaviricota||Resentoviricetes|Reovirales||Spinareoviridae||Cypovirus|
YP_001883321_Heliothis_armigera_cypovirus_5,Cypovirus,0,0,0,Riboviria,Orthornavirae,Duplornaviricota,,Resentoviricetes,Reovirales,,Spinareoviridae,,Cypovirus,,,Reo,Riboviria|Orthornavirae|Duplornaviricota||Resentoviricetes|Reovirales||Spinareoviridae||Cypovirus|
YP_009104379_Fako_virus,Dinovernavirus,0,0,0,Riboviria,Orthornavirae,Duplornaviricota,,Resentoviricetes,Reovirales,,Spinareoviridae,,Dinovernavirus,,,Reo,Riboviria|Orthornavirae|Duplornaviricota||Resentoviricetes|Reovirales||Spinareoviridae||Dinovernavirus|
YP_443936_Aedes_pseudoscutellaris_reovirus,Dinovernavirus,0,0,0,Riboviria,Orthornavirae,Duplornaviricota,,Resentoviricetes,Reovirales,,Spinareoviridae,,Dinovernavirus,Aedes pseudoscutellaris reovirus,,Reo,Riboviria|Orthornavirae|Duplornaviricota||Resentoviricetes|Reovirales||Spinareoviridae||Dinovernavirus|Aedes pseudoscutellaris reovirus
NP_619776_Nilaparvata_lugens_reovirus,Fijivirus,0,0,1,Riboviria,Orthornavirae,Duplornaviricota,,Resentoviricetes,Reovirales,,Spinareoviridae,,Fijivirus,Nilaparvata lugens reovirus,,Reo,Riboviria|Orthornavirae|Duplornaviricota||Resentoviricetes|Reovirales||Spinareoviridae||Fijivirus|Nilaparvata lugens reovirus
NP_620452_Rice_black_streaked_dwarf_virus,Fijivirus,0,0,1,Riboviria,Orthornavirae,Duplornaviricota,,Resentoviricetes,Reovirales,,Spinareoviridae,,Fijivirus,Rice black streaked dwarf virus,,Reo,Riboviria|Orthornavirae|Duplornaviricota||Resentoviricetes|Reovirales||Spinareoviridae||Fijivirus|Rice black streaked dwarf virus
YP_004021936_Southern_rice_black-streaked_dwarf_virus,Fijivirus,0,0,1,Riboviria,Orthornavirae,Duplornaviricota,,Resentoviricetes,Reovirales,,Spinareoviridae,,Fijivirus,Southern rice black-streaked dwarf virus,,Reo,Riboviria|Orthornavirae|Duplornaviricota||Resentoviricetes|Reovirales||Spinareoviridae||Fijivirus|Southern rice black-streaked dwarf virus
YP_249762_Fiji_disease_virus,Fijivirus,0,0,1,Riboviria,Orthornavirae,Duplornaviricota,,Resentoviricetes,Reovirales,,Spinareoviridae,,Fijivirus,Fiji disease virus,,Reo,Riboviria|Orthornavirae|Duplornaviricota||Resentoviricetes|Reovirales||Spinareoviridae||Fijivirus|Fiji disease virus
YP_956848_Mal_de_Rio_Cuarto_virus,Fijivirus,0,0,1,Riboviria,Orthornavirae,Duplornaviricota,,Resentoviricetes,Reovirales,,Spinareoviridae,,Fijivirus,Mal de Rio Cuarto virus,,Reo,Riboviria|Orthornavirae|Duplornaviricota||Resentoviricetes|Reovirales||Spinareoviridae||Fijivirus|Mal de Rio Cuarto virus
YP_654545_Micromonas_pusilla_reovirus,Mimoreovirus,0,0,0,Riboviria,Orthornavirae,Duplornaviricota,,Resentoviricetes,Reovirales,,Sedoreoviridae,,Mimoreovirus,Micromonas pusilla reovirus,,Reo,Riboviria|Orthornavirae|Duplornaviricota||Resentoviricetes|Reovirales||Sedoreoviridae||Mimoreovirus|Micromonas pusilla reovirus
YP_001936004_Mycoreovirus_1,Mycoreovirus,0,0,0,Riboviria,Orthornavirae,Duplornaviricota,,Resentoviricetes,Reovirales,,Spinareoviridae,,Mycoreovirus,Mycoreovirus 1,,Reo,Riboviria|Orthornavirae|Duplornaviricota||Resentoviricetes|Reovirales||Spinareoviridae||Mycoreovirus|Mycoreovirus 1
YP_392478_Mycoreovirus_3,Mycoreovirus,0,0,0,Riboviria,Orthornavirae,Duplornaviricota,,Resentoviricetes,Reovirales,,Spinareoviridae,,Mycoreovirus,Mycoreovirus 3,,Reo,Riboviria|Orthornavirae|Duplornaviricota||Resentoviricetes|Reovirales||Spinareoviridae||Mycoreovirus|Mycoreovirus 3
ADZ96219.1_Tribec_virus__1284,Orbivirus,1,1,0,Riboviria,Orthornavirae,Duplornaviricota,,Resentoviricetes,Reovirales,,Sedoreoviridae,,Orbivirus,,,Reo,Riboviria|Orthornavirae|Duplornaviricota||Resentoviricetes|Reovirales||Sedoreoviridae||Orbivirus|
QIQ51173.1_Letea_virus_Natrix_natrix_1284,Orbivirus,0,1,0,Riboviria,Orthornavirae,Duplornaviricota,,Resentoviricetes,Reovirales,,Sedoreoviridae,,Orbivirus,,,Reo,Riboviria|Orthornavirae|Duplornaviricota||Resentoviricetes|Reovirales||Sedoreoviridae||Orbivirus|
WAK76793.1_Reoviridae_sp._Haemaphysalis_hystricis_1340,Orbivirus,0,0,0,Riboviria,Orthornavirae,Duplornaviricota,,Resentoviricetes,Reovirales,,Sedoreoviridae,,Orbivirus,,,Reo,Riboviria|Orthornavirae|Duplornaviricota||Resentoviricetes|Reovirales||Sedoreoviridae||Orbivirus|
WCJ14480.1_Kaptombes_virus_Bos_taurus_1321,Orbivirus,0,1,0,Riboviria,Orthornavirae,Duplornaviricota,,Resentoviricetes,Reovirales,,Sedoreoviridae,,Orbivirus,,,Reo,Riboviria|Orthornavirae|Duplornaviricota||Resentoviricetes|Reovirales||Sedoreoviridae||Orbivirus|
YP_002925132_Stretch_Lagoon_orbivirus,Orbivirus,0,1,0,Riboviria,Orthornavirae,Duplornaviricota,,Resentoviricetes,Reovirales,,Sedoreoviridae,,Orbivirus,,,Reo,Riboviria|Orthornavirae|Duplornaviricota||Resentoviricetes|Reovirales||Sedoreoviridae||Orbivirus|
YP_003240108_Epizootic_hemorrhagic_disease_virus,Orbivirus,0,1,0,Riboviria,Orthornavirae,Duplornaviricota,,Resentoviricetes,Reovirales,,Sedoreoviridae,,Orbivirus,Epizootic hemorrhagic disease virus,,Reo,Riboviria|Orthornavirae|Duplornaviricota||Resentoviricetes|Reovirales||Sedoreoviridae||Orbivirus|Epizootic hemorrhagic disease virus
YP_003896058_Great_Island_virus,Orbivirus,1,1,0,Riboviria,Orthornavirae,Duplornaviricota,,Resentoviricetes,Reovirales,,Sedoreoviridae,,Orbivirus,Great Island virus,,Reo,Riboviria|Orthornavirae|Duplornaviricota||Resentoviricetes|Reovirales||Sedoreoviridae||Orbivirus|Great Island virus
YP_008658416_Wallal_virus,Orbivirus,0,1,0,Riboviria,Orthornavirae,Duplornaviricota,,Resentoviricetes,Reovirales,,Sedoreoviridae,,Orbivirus,Wallal virus,,Reo,Riboviria|Orthornavirae|Duplornaviricota||Resentoviricetes|Reovirales||Sedoreoviridae||Orbivirus|Wallal virus
YP_008719912_Mobuck_virus,Orbivirus,0,1,0,Riboviria,Orthornavirae,Duplornaviricota,,Resentoviricetes,Reovirales,,Sedoreoviridae,,Orbivirus,,,Reo,Riboviria|Orthornavirae|Duplornaviricota||Resentoviricetes|Reovirales||Sedoreoviridae||Orbivirus|
YP_008719926_Changuinola_virus,Orbivirus,0,1,0,Riboviria,Orthornavirae,Duplornaviricota,,Resentoviricetes,Reovirales,,Sedoreoviridae,,Orbivirus,Changuinola virus,,Reo,Riboviria|Orthornavirae|Duplornaviricota||Resentoviricetes|Reovirales||Sedoreoviridae||Orbivirus|Changuinola virus
YP_009507680.1_Corriparta_virus,Orbivirus,1,1,0,Riboviria,Orthornavirae,Duplornaviricota,,Resentoviricetes,Reovirales,,Sedoreoviridae,,Orbivirus,Corriparta virus,,Reo,Riboviria|Orthornavirae|Duplornaviricota||Resentoviricetes|Reovirales||Sedoreoviridae||Orbivirus|Corriparta virus
YP_009507707.1_Lebombo_virus,Orbivirus,1,1,0,Riboviria,Orthornavirae,Duplornaviricota,,Resentoviricetes,Reovirales,,Sedoreoviridae,,Orbivirus,Lebombo virus,,Reo,Riboviria|Orthornavirae|Duplornaviricota||Resentoviricetes|Reovirales||Sedoreoviridae||Orbivirus|Lebombo virus
YP_009507718.1_Orungo_virus,Orbivirus,1,1,0,Riboviria,Orthornavirae,Duplornaviricota,,Resentoviricetes,Reovirales,,Sedoreoviridae,,Orbivirus,Orungo virus,,Reo,Riboviria|Orthornavirae|Duplornaviricota||Resentoviricetes|Reovirales||Sedoreoviridae||Orbivirus|Orungo virus
YP_052935_Palyam_virus,Orbivirus,0,1,0,Riboviria,Orthornavirae,Duplornaviricota,,Resentoviricetes,Reovirales,,Sedoreoviridae,,Orbivirus,Palyam virus,,Reo,Riboviria|Orthornavirae|Duplornaviricota||Resentoviricetes|Reovirales||Sedoreoviridae||Orbivirus|Palyam virus
YP_052942_St_Croix_River_virus,Orbivirus,0,0,0,Riboviria,Orthornavirae,Duplornaviricota,,Resentoviricetes,Reovirales,,Sedoreoviridae,,Orbivirus,St Croix River virus,,Reo,Riboviria|Orthornavirae|Duplornaviricota||Resentoviricetes|Reovirales||Sedoreoviridae||Orbivirus|St Croix River virus
YP_052966_African_horse_sickness_virus,Orbivirus,0,1,0,Riboviria,Orthornavirae,Duplornaviricota,,Resentoviricetes,Reovirales,,Sedoreoviridae,,Orbivirus,African horse sickness virus,,Reo,Riboviria|Orthornavirae|Duplornaviricota||Resentoviricetes|Reovirales||Sedoreoviridae||Orbivirus|African horse sickness virus
YP_052968_Bluetongue_virus,Orbivirus,0,1,0,Riboviria,Orthornavirae,Duplornaviricota,,Resentoviricetes,Reovirales,,Sedoreoviridae,,Orbivirus,Bluetongue virus,,Reo,Riboviria|Orthornavirae|Duplornaviricota||Resentoviricetes|Reovirales||Sedoreoviridae||Orbivirus|Bluetongue virus
YP_443925_Yunnan_orbivirus,Orbivirus,0,1,0,Riboviria,Orthornavirae,Duplornaviricota,,Resentoviricetes,Reovirales,,Sedoreoviridae,,Orbivirus,Yunnan orbivirus,,Reo,Riboviria|Orthornavirae|Duplornaviricota||Resentoviricetes|Reovirales||Sedoreoviridae||Orbivirus|Yunnan orbivirus
YP_460038_Peruvian_horse_sickness_virus,Orbivirus,0,1,0,Riboviria,Orthornavirae,Duplornaviricota,,Resentoviricetes,Reovirales,,Sedoreoviridae,,Orbivirus,Peruvian horse sickness virus,,Reo,Riboviria|Orthornavirae|Duplornaviricota||Resentoviricetes|Reovirales||Sedoreoviridae||Orbivirus|Peruvian horse sickness virus
NP_694687_Mammalian_orthoreovirus_3,Orthoreovirus,1,1,0,Riboviria,Orthornavirae,Duplornaviricota,,Resentoviricetes,Reovirales,,Spinareoviridae,,Orthoreovirus,Mammalian orthoreovirus,,Reo,Riboviria|Orthornavirae|Duplornaviricota||Resentoviricetes|Reovirales||Spinareoviridae||Orthoreovirus|Mammalian orthoreovirus
YP_003717773_Broome_virus,Orthoreovirus,0,1,0,Riboviria,Orthornavirae,Duplornaviricota,,Resentoviricetes,Reovirales,,Spinareoviridae,,Orthoreovirus,Broome orthoreovirus,,Reo,Riboviria|Orthornavirae|Duplornaviricota||Resentoviricetes|Reovirales||Spinareoviridae||Orthoreovirus|Broome orthoreovirus
YP_004226522_Avian_orthoreovirus,Orthoreovirus,0,1,0,Riboviria,Orthornavirae,Duplornaviricota,,Resentoviricetes,Reovirales,,Spinareoviridae,,Orthoreovirus,Avian orthoreovirus,,Reo,Riboviria|Orthornavirae|Duplornaviricota||Resentoviricetes|Reovirales||Spinareoviridae||Orthoreovirus|Avian orthoreovirus
YP_004769548_Baboon_orthoreovirus,Orthoreovirus,0,1,0,Riboviria,Orthornavirae,Duplornaviricota,,Resentoviricetes,Reovirales,,Spinareoviridae,,Orthoreovirus,Baboon orthoreovirus,,Reo,Riboviria|Orthornavirae|Duplornaviricota||Resentoviricetes|Reovirales||Spinareoviridae||Orthoreovirus|Baboon orthoreovirus
YP_007507325_Melaka_orthoreovirus,Orthoreovirus,1,1,0,Riboviria,Orthornavirae,Duplornaviricota,,Resentoviricetes,Reovirales,,Spinareoviridae,,Orthoreovirus,Pteropine orthoreovirus,,Reo,Riboviria|Orthornavirae|Duplornaviricota||Resentoviricetes|Reovirales||Spinareoviridae||Orthoreovirus|Pteropine orthoreovirus
NP_620541_Rice_ragged_stunt_virus,Oryzavirus,0,0,1,Riboviria,Orthornavirae,Duplornaviricota,,Resentoviricetes,Reovirales,,Spinareoviridae,,Oryzavirus,Rice ragged stunt virus,,Reo,Riboviria|Orthornavirae|Duplornaviricota||Resentoviricetes|Reovirales||Spinareoviridae||Oryzavirus|Rice ragged stunt virus
WHCCII11806_Hubei_reo-like_virus_5,Oryzavirus,0,0,1,Riboviria,Orthornavirae,Duplornaviricota,,Resentoviricetes,Reovirales,,Spinareoviridae,,Oryzavirus,,,Reo,Riboviria|Orthornavirae|Duplornaviricota||Resentoviricetes|Reovirales||Spinareoviridae||Oryzavirus|
YP_003934919_Raspberry_latent_virus,Oryzavirus,0,0,1,Riboviria,Orthornavirae,Duplornaviricota,,Resentoviricetes,Reovirales,,Spinareoviridae,,Oryzavirus,,,Reo,Riboviria|Orthornavirae|Duplornaviricota||Resentoviricetes|Reovirales||Spinareoviridae||Oryzavirus|
NP_620544_Rice_dwarf_virus,Phytoreovirus,0,0,1,Riboviria,Orthornavirae,Duplornaviricota,,Resentoviricetes,Reovirales,,Sedoreoviridae,,Phytoreovirus,Rice dwarf virus,,Reo,Riboviria|Orthornavirae|Duplornaviricota||Resentoviricetes|Reovirales||Sedoreoviridae||Phytoreovirus|Rice dwarf virus
YP_001111373_Rice_gall_dwarf_virus,Phytoreovirus,0,0,1,Riboviria,Orthornavirae,Duplornaviricota,,Resentoviricetes,Reovirales,,Sedoreoviridae,,Phytoreovirus,Rice gall dwarf virus,,Reo,Riboviria|Orthornavirae|Duplornaviricota||Resentoviricetes|Reovirales||Sedoreoviridae||Phytoreovirus|Rice gall dwarf virus
YP_002790884_Homalodisca_vitripennis_reovirus,Phytoreovirus,0,0,1,Riboviria,Orthornavirae,Duplornaviricota,,Resentoviricetes,Reovirales,,Sedoreoviridae,,Phytoreovirus,,,Reo,Riboviria|Orthornavirae|Duplornaviricota||Resentoviricetes|Reovirales||Sedoreoviridae||Phytoreovirus|
AGW51755_uncultured_virus,Reoviridae,0,0,0,Riboviria,Orthornavirae,Duplornaviricota,,Resentoviricetes,Reovirales,,,,,,,Reo,Riboviria|Orthornavirae|Duplornaviricota||Resentoviricetes|Reovirales|||||
arthropodmix13736_Hubei_insect_virus_2_RdRp,Reoviridae,0,0,0,Riboviria,Orthornavirae,Duplornaviricota,,Resentoviricetes,Reovirales,,,,,,,Reo,Riboviria|Orthornavirae|Duplornaviricota||Resentoviricetes|Reovirales|||||
BHBJDX18427_Beihai_reo-like_virus_2,Reoviridae,0,0,0,Riboviria,Orthornavirae,Duplornaviricota,,Resentoviricetes,Reovirales,,,,,,,Reo,Riboviria|Orthornavirae|Duplornaviricota||Resentoviricetes|Reovirales|||||
BHXG23560_Beihai_reo-like_virus_1,Reoviridae,0,0,0,Riboviria,Orthornavirae,Duplornaviricota,,Resentoviricetes,Reovirales,,,,,,,Reo,Riboviria|Orthornavirae|Duplornaviricota||Resentoviricetes|Reovirales|||||
Cartilaginous_RGYQSMGReov43318_Wenzhou_pacific_spadenose_shark_reovirus_1_3907bp,Reoviridae,0,1,0,Riboviria,Orthornavirae,Duplornaviricota,,Resentoviricetes,Reovirales,,,,,,,Reo,Riboviria|Orthornavirae|Duplornaviricota||Resentoviricetes|Reovirales|||||
fly110803_Hubei_reo-like_virus_14,Reoviridae,0,0,0,Riboviria,Orthornavirae,Duplornaviricota,,Resentoviricetes,Reovirales,,,,,,,Reo,Riboviria|Orthornavirae|Duplornaviricota||Resentoviricetes|Reovirales|||||
LCM63289_Hubei_lepidoptera_virus_5_RdRp,Reoviridae,0,0,0,Riboviria,Orthornavirae,Duplornaviricota,,Resentoviricetes,Reovirales,,,,,,,Reo,Riboviria|Orthornavirae|Duplornaviricota||Resentoviricetes|Reovirales|||||
LCM63323_Hubei_lepidoptera_virus_4_RdRp,Reoviridae,0,0,0,Riboviria,Orthornavirae,Duplornaviricota,,Resentoviricetes,Reovirales,,,,,,,Reo,Riboviria|Orthornavirae|Duplornaviricota||Resentoviricetes|Reovirales|||||
mosHB233040_Hubei_mosquito_virus_5,Reoviridae,0,0,0,Riboviria,Orthornavirae,Duplornaviricota,,Resentoviricetes,Reovirales,,,,,,,Reo,Riboviria|Orthornavirae|Duplornaviricota||Resentoviricetes|Reovirales|||||
mosHB234257_Hubei_reo-like_virus_12,Reoviridae,0,0,0,Riboviria,Orthornavirae,Duplornaviricota,,Resentoviricetes,Reovirales,,,,,,,Reo,Riboviria|Orthornavirae|Duplornaviricota||Resentoviricetes|Reovirales|||||
mosHB235771_Hubei_reo-like_virus_7,Reoviridae,0,0,0,Riboviria,Orthornavirae,Duplornaviricota,,Resentoviricetes,Reovirales,,,,,,,Reo,Riboviria|Orthornavirae|Duplornaviricota||Resentoviricetes|Reovirales|||||
QCM786512_Hubei_reo-like_virus_1,Reoviridae,0,0,0,Riboviria,Orthornavirae,Duplornaviricota,,Resentoviricetes,Reovirales,,,,,,,Reo,Riboviria|Orthornavirae|Duplornaviricota||Resentoviricetes|Reovirales|||||
QTM133059_Hubei_odonate_virus_15_RdRp,Reoviridae,0,0,0,Riboviria,Orthornavirae,Duplornaviricota,,Resentoviricetes,Reovirales,,,,,,,Reo,Riboviria|Orthornavirae|Duplornaviricota||Resentoviricetes|Reovirales|||||
QTM136127_Hubei_reo-like_virus_10_RdRp,Reoviridae,0,0,0,Riboviria,Orthornavirae,Duplornaviricota,,Resentoviricetes,Reovirales,,,,,,,Reo,Riboviria|Orthornavirae|Duplornaviricota||Resentoviricetes|Reovirales|||||
QTM23921_Hubei_reo-like_virus_11_RdRp,Reoviridae,0,0,0,Riboviria,Orthornavirae,Duplornaviricota,,Resentoviricetes,Reovirales,,,,,,,Reo,Riboviria|Orthornavirae|Duplornaviricota||Resentoviricetes|Reovirales|||||
QTM25955_Hubei_reo-like_virus_2_RdRp,Reoviridae,0,0,0,Riboviria,Orthornavirae,Duplornaviricota,,Resentoviricetes,Reovirales,,,,,,,Reo,Riboviria|Orthornavirae|Duplornaviricota||Resentoviricetes|Reovirales|||||
QTM27275_Hubei_odonate_virus_14_RdRp,Reoviridae,0,0,0,Riboviria,Orthornavirae,Duplornaviricota,,Resentoviricetes,Reovirales,,,,,,,Reo,Riboviria|Orthornavirae|Duplornaviricota||Resentoviricetes|Reovirales|||||
Rayfin_DHJQYS14691_Wenling_minipizza_batfish_reovirus_1_3839bp,Reoviridae,0,1,0,Riboviria,Orthornavirae,Duplornaviricota,,Resentoviricetes,Reovirales,,,,,,,Reo,Riboviria|Orthornavirae|Duplornaviricota||Resentoviricetes|Reovirales|||||
RBXXC337523_Hubei_blood_fluke_virus_3_RdRp,Reoviridae,0,0,0,Riboviria,Orthornavirae,Duplornaviricota,,Resentoviricetes,Reovirales,,,,,,,Reo,Riboviria|Orthornavirae|Duplornaviricota||Resentoviricetes|Reovirales|||||
SCM43983_Hubei_reo-like_virus_3,Reoviridae,0,0,0,Riboviria,Orthornavirae,Duplornaviricota,,Resentoviricetes,Reovirales,,,,,,,Reo,Riboviria|Orthornavirae|Duplornaviricota||Resentoviricetes|Reovirales|||||
SCM51404_Hubei_diptera_virus_20_RdRp,Reoviridae,0,0,0,Riboviria,Orthornavirae,Duplornaviricota,,Resentoviricetes,Reovirales,,,,,,,Reo,Riboviria|Orthornavirae|Duplornaviricota||Resentoviricetes|Reovirales|||||
SCM95013_Hubei_diptera_virus_21_RdRp,Reoviridae,0,0,0,Riboviria,Orthornavirae,Duplornaviricota,,Resentoviricetes,Reovirales,,,,,,,Reo,Riboviria|Orthornavirae|Duplornaviricota||Resentoviricetes|Reovirales|||||
SSZZ3444_Hubei_tetragnatha_maxillosa_virus_9_RdRp,Reoviridae,0,0,0,Riboviria,Orthornavirae,Duplornaviricota,,Resentoviricetes,Reovirales,,,,,,,Reo,Riboviria|Orthornavirae|Duplornaviricota||Resentoviricetes|Reovirales|||||
SXSSP2271_Sanxia_reo-like_virus_1,Reoviridae,0,0,0,Riboviria,Orthornavirae,Duplornaviricota,,Resentoviricetes,Reovirales,,,,,,,Reo,Riboviria|Orthornavirae|Duplornaviricota||Resentoviricetes|Reovirales|||||
UQS94360.1_P3_Corparats_virus_1_P3_Paratrachymyrmex_1224,Reoviridae,0,0,0,Riboviria,Orthornavirae,Duplornaviricota,,Resentoviricetes,Reovirales,,,,,,,Reo,Riboviria|Orthornavirae|Duplornaviricota||Resentoviricetes|Reovirales|||||
WGML144712_Hubei_reo-like_virus_4_RdRp,Reoviridae,0,0,0,Riboviria,Orthornavirae,Duplornaviricota,,Resentoviricetes,Reovirales,,,,,,,Reo,Riboviria|Orthornavirae|Duplornaviricota||Resentoviricetes|Reovirales|||||
WGML611819_Hubei_reo-like_virus_6_RdRp,Reoviridae,0,0,0,Riboviria,Orthornavirae,Duplornaviricota,,Resentoviricetes,Reovirales,,,,,,,Reo,Riboviria|Orthornavirae|Duplornaviricota||Resentoviricetes|Reovirales|||||
WHYCM468_Wuhan_heteroptera_virus_3_RdRp,Reoviridae,0,0,0,Riboviria,Orthornavirae,Duplornaviricota,,Resentoviricetes,Reovirales,,,,,,,Reo,Riboviria|Orthornavirae|Duplornaviricota||Resentoviricetes|Reovirales|||||
WLJQ76115_Wenling_reo-like_virus_1,Reoviridae,0,0,0,Riboviria,Orthornavirae,Duplornaviricota,,Resentoviricetes,Reovirales,,,,,,,Reo,Riboviria|Orthornavirae|Duplornaviricota||Resentoviricetes|Reovirales|||||
WLJQ99210_Wenling_reo-like_virus_2,Reoviridae,0,0,0,Riboviria,Orthornavirae,Duplornaviricota,,Resentoviricetes,Reovirales,,,,,,,Reo,Riboviria|Orthornavirae|Duplornaviricota||Resentoviricetes|Reovirales|||||
YP_005255241_Spissistilus_festinus_reovirus,Reoviridae,0,0,0,Riboviria,Orthornavirae,Duplornaviricota,,Resentoviricetes,Reovirales,,,,,,,Reo,Riboviria|Orthornavirae|Duplornaviricota||Resentoviricetes|Reovirales|||||
YP_009158917_Lutzomyia_reovirus_1,Reoviridae,0,0,0,Riboviria,Orthornavirae,Duplornaviricota,,Resentoviricetes,Reovirales,,,,,,,Reo,Riboviria|Orthornavirae|Duplornaviricota||Resentoviricetes|Reovirales|||||
YP_009246448.1_Callinectes_sapidus_reovirus_1_1416,Reoviridae,0,0,0,Riboviria,Orthornavirae,Duplornaviricota,,Resentoviricetes,Reovirales,,,,,,,Reo,Riboviria|Orthornavirae|Duplornaviricota||Resentoviricetes|Reovirales|||||
YP_010086008.1_Kundal_virus_1433,Coltivirus,0,0,0,Riboviria,Orthornavirae,Duplornaviricota,,Resentoviricetes,Reovirales,,Spinareoviridae,,Coltivirus,Kundal coltivirus,,Reo,Riboviria|Orthornavirae|Duplornaviricota||Resentoviricetes|Reovirales||Spinareoviridae||Coltivirus|Kundal coltivirus
YP_010086016.1_Tarumizu_tick_virus_1433,Coltivirus,0,0,0,Riboviria,Orthornavirae,Duplornaviricota,,Resentoviricetes,Reovirales,,Spinareoviridae,,Coltivirus,Tarumizu coltivirus,,Reo,Riboviria|Orthornavirae|Duplornaviricota||Resentoviricetes|Reovirales||Spinareoviridae||Coltivirus|Tarumizu coltivirus
YP_392501_Operophtera_brumata_reovirus,Orbivirus,0,0,0,Riboviria,Orthornavirae,Duplornaviricota,,Resentoviricetes,Reovirales,,Sedoreoviridae,,Orbivirus,Chobar Gorge virus,,Reo,Riboviria|Orthornavirae|Duplornaviricota||Resentoviricetes|Reovirales||Sedoreoviridae||Orbivirus|Chobar Gorge virus
Cartilaginous_NHJSC29872_Nanhai_dogfish_shark_rotavirus_3552bp,Rotavirus,0,1,0,Riboviria,Orthornavirae,Duplornaviricota,,Resentoviricetes,Reovirales,,Sedoreoviridae,,Rotavirus,,,Reo,Riboviria|Orthornavirae|Duplornaviricota||Resentoviricetes|Reovirales||Sedoreoviridae||Rotavirus|
Rayfin_LXMC144087_Wenling_jack_mackerels_rotavirus_3294bp,Rotavirus,0,1,0,Riboviria,Orthornavirae,Duplornaviricota,,Resentoviricetes,Reovirales,,Sedoreoviridae,,Rotavirus,,,Reo,Riboviria|Orthornavirae|Duplornaviricota||Resentoviricetes|Reovirales||Sedoreoviridae||Rotavirus|
YP_002302227_Rotavirus_A,Rotavirus,1,1,0,Riboviria,Orthornavirae,Duplornaviricota,,Resentoviricetes,Reovirales,,Sedoreoviridae,,Rotavirus,Rotavirus A,,Reo,Riboviria|Orthornavirae|Duplornaviricota||Resentoviricetes|Reovirales||Sedoreoviridae||Rotavirus|Rotavirus A
YP_003896046_Rotavirus_D_chicken/05V0049/DEU/2005,Rotavirus,0,1,0,Riboviria,Orthornavirae,Duplornaviricota,,Resentoviricetes,Reovirales,,Sedoreoviridae,,Rotavirus,Rotavirus D,,Reo,Riboviria|Orthornavirae|Duplornaviricota||Resentoviricetes|Reovirales||Sedoreoviridae||Rotavirus|Rotavirus D
YP_008126843_Human_rotavirus_B,Rotavirus,1,1,0,Riboviria,Orthornavirae,Duplornaviricota,,Resentoviricetes,Reovirales,,Sedoreoviridae,,Rotavirus,Rotavirus B,,Reo,Riboviria|Orthornavirae|Duplornaviricota||Resentoviricetes|Reovirales||Sedoreoviridae||Rotavirus|Rotavirus B
YP_008136242_Rotavirus_G,Rotavirus,0,1,0,Riboviria,Orthornavirae,Duplornaviricota,,Resentoviricetes,Reovirales,,Sedoreoviridae,,Rotavirus,Rotavirus G,,Reo,Riboviria|Orthornavirae|Duplornaviricota||Resentoviricetes|Reovirales||Sedoreoviridae||Rotavirus|Rotavirus G
YP_008145313_Rotavirus_F,Rotavirus,0,1,0,Riboviria,Orthornavirae,Duplornaviricota,,Resentoviricetes,Reovirales,,Sedoreoviridae,,Rotavirus,Rotavirus F,,Reo,Riboviria|Orthornavirae|Duplornaviricota||Resentoviricetes|Reovirales||Sedoreoviridae||Rotavirus|Rotavirus F
YP_010086029.1_Rotavirus_J_1168,Rotavirus,0,1,0,Riboviria,Orthornavirae,Duplornaviricota,,Resentoviricetes,Reovirales,,Sedoreoviridae,,Rotavirus,Rotavirus J,,Reo,Riboviria|Orthornavirae|Duplornaviricota||Resentoviricetes|Reovirales||Sedoreoviridae||Rotavirus|Rotavirus J
YP_392464_Rotavirus_C,Rotavirus,1,1,0,Riboviria,Orthornavirae,Duplornaviricota,,Resentoviricetes,Reovirales,,Sedoreoviridae,,Rotavirus,Rotavirus C,,Reo,Riboviria|Orthornavirae|Duplornaviricota||Resentoviricetes|Reovirales||Sedoreoviridae||Rotavirus|Rotavirus C
YP_392490_Adult_diarrheal_rotavirus_strain_J19,Rotavirus,0,1,0,Riboviria,Orthornavirae,Duplornaviricota,,Resentoviricetes,Reovirales,,Sedoreoviridae,,Rotavirus,Rotavirus H,,Reo,Riboviria|Orthornavirae|Duplornaviricota||Resentoviricetes|Reovirales||Sedoreoviridae||Rotavirus|Rotavirus H
ALR84811.1_Mangshi_virus_Culex_tritaeniorhynchus_1214,Seadornavirus,0,1,0,Riboviria,Orthornavirae,Duplornaviricota,,Resentoviricetes,Reovirales,,Sedoreoviridae,,Seadornavirus,,,Reo,Riboviria|Orthornavirae|Duplornaviricota||Resentoviricetes|Reovirales||Sedoreoviridae||Seadornavirus|
NP_694468_Kadipiro_virus,Seadornavirus,1,0,0,Riboviria,Orthornavirae,Duplornaviricota,,Resentoviricetes,Reovirales,,Sedoreoviridae,,Seadornavirus,Kadipiro virus,,Reo,Riboviria|Orthornavirae|Duplornaviricota||Resentoviricetes|Reovirales||Sedoreoviridae||Seadornavirus|Kadipiro virus
NP_694469_Banna_virus,Seadornavirus,1,1,0,Riboviria,Orthornavirae,Duplornaviricota,,Resentoviricetes,Reovirales,,Sedoreoviridae,,Seadornavirus,Banna virus,,Reo,Riboviria|Orthornavirae|Duplornaviricota||Resentoviricetes|Reovirales||Sedoreoviridae||Seadornavirus|Banna virus
YP_460026_Liao_ning_virus,Seadornavirus,0,1,0,Riboviria,Orthornavirae,Duplornaviricota,,Resentoviricetes,Reovirales,,Sedoreoviridae,,Seadornavirus,Liao ning virus,,Reo,Riboviria|Orthornavirae|Duplornaviricota||Resentoviricetes|Reovirales||Sedoreoviridae||Seadornavirus|Liao ning virus
